pair_id,gold_label
10719102#16785446,match
11149251#24927328,non_match
11409646#12110339,non_match
11542304#34073206,non_match
11564664#54685720,non_match
12110339#59141538,non_match
12176070#18666720,non_match
12176070#50920560,non_match
12194096#38823136,non_match
12194096#84465814,non_match
12243414#84465814,non_match
12389785#38447746,non_match
12432797#32885383,match
12524915#80725760,non_match
1283491#18147366,non_match
13142970#27043300,non_match
13142970#95282914,match
1329026#61154808,non_match
1329026#9513553,non_match
13718289#18137846,non_match
14224876#33609155,non_match
14345451#27365404,match
15678458#46441935,non_match
1644190#7383990,non_match
16529934#44483408,non_match
16529934#97396039,match
17282907#27700752,non_match
18147366#48102422,match
18289538#96384448,non_match
18666720#52404977,non_match
18666720#53072167,non_match
20145574#22211135,match
2024149#14418390,non_match
20456341#3223487,match
20900807#92318972,match
21668308#70174967,non_match
21670568#67462269,non_match
22007806#45946412,non_match
22109936#73315956,non_match
22770211#69366044,match
23007161#77308213,non_match
23211539#18327954,non_match
23276195#18147366,non_match
24561369#32867763,match
24574240#40357787,non_match
24742825#62145678,non_match
24791295#84514463,non_match
24802094#26237955,non_match
24927328#21122556,non_match
25025467#11542304,non_match
25431697#59141538,match
25870078#1515409,non_match
26049981#48734649,non_match
26491787#25025467,non_match
26491787#35100344,non_match
27043300#91929224,non_match
27166337#56574761,non_match
27442156#63513295,non_match
27449862#77492364,match
28465006#43932865,non_match
28465006#92318972,non_match
28603694#68874465,non_match
28656579#63016126,non_match
28824028#61154808,non_match
29339493#11406200,non_match
29553137#8298432,non_match
29685693#79334302,non_match
29716234#87572356,non_match
29929454#59585994,non_match
29929454#7574514,non_match
30102415#79707438,non_match
3024917#21755591,non_match
30502153#87317188,non_match
31143310#88286371,non_match
31276154#18567164,match
31420404#31531912,non_match
32904204#29064292,non_match
32904204#5938532,non_match
32931015#49127797,non_match
33609155#93094504,match
33671496#80753512,non_match
33972604#79625472,non_match
34073206#82583255,non_match
34168295#49058519,non_match
34259452#53081061,non_match
34689442#2208630,non_match
35424032#11708101,match
35469349#96691496,non_match
35759560#7979158,non_match
35793904#69167600,non_match
35978749#60392051,non_match
36022457#88773659,non_match
36027066#48734603,non_match
36499924#15880732,non_match
36532408#49058519,non_match
36803847#25877530,non_match
3764542#29825517,non_match
37865200#79625472,non_match
38344216#50944416,non_match
39417365#79821099,non_match
39833087#64692163,match
40208952#42210935,non_match
40876435#18835729,non_match
40876435#61201533,non_match
41234714#92894304,match
41570143#23276195,match
41867761#16470846,match
41902860#19006949,match
42181153#18137846,match
42181153#41234714,non_match
42516046#74927976,non_match
42604445#62422382,non_match
4287952#16470846,non_match
43006963#18500821,non_match
43006963#20145574,non_match
43481409#75431386,match
43742368#70174967,match
43904710#51033513,non_match
44483408#40845396,non_match
44557157#90806148,non_match
4486003#15306268,non_match
44884689#28282387,non_match
45014189#6236857,non_match
46578488#44884689,match
46578488#8882504,non_match
47146148#36022457,non_match
47293324#1136383,non_match
47431263#74021002,non_match
47814705#31247528,non_match
47948274#12615558,non_match
48430039#66191134,non_match
48658824#25980770,non_match
48658824#29716234,match
48658824#56831449,non_match
48734649#26237955,non_match
48734649#70331081,non_match
48734649#79232921,non_match
49605449#3598671,match
50005399#16403660,non_match
5030809#46246978,non_match
50789754#58893463,non_match
5092599#64692163,non_match
51919374#75462645,match
51946981#29914496,non_match
52993309#46987758,match
5312650#48305046,match
53426556#149175,match
53464814#34259452,non_match
54500223#78196838,match
54536046#40357787,non_match
54536046#9561888,non_match
54550733#34073206,non_match
55031719#30102088,non_match
55037683#97112728,non_match
5519409#21963707,non_match
55393360#6930754,non_match
5603029#66625804,non_match
56034511#22685310,non_match
562267#97165175,non_match
56459937#85887866,non_match
56676909#91929224,non_match
57082229#55031719,match
58755004#37955791,match
58755004#88727182,non_match
61296263#83418921,non_match
61787029#54536046,non_match
61787029#96888760,non_match
61868905#84528711,non_match
61893255#12991173,non_match
61893255#6236857,match
619357#69167600,non_match
619357#87410064,non_match
62089162#15880732,non_match
62089162#60571140,non_match
62145678#91137581,match
62242632#7180445,non_match
62242636#75799899,non_match
62318417#55031719,non_match
62578226#90603941,match
62631842#62293619,non_match
62631842#9016004,match
629096#21463573,non_match
629096#70159856,non_match
62945209#60088869,non_match
63928436#97535509,match
64003605#47389275,match
64016107#22000442,match
64323838#45001854,non_match
64511013#27442156,non_match
64536135#90795718,non_match
66129710#87322400,non_match
66625804#48035811,non_match
66652299#6800809,non_match
66680332#45313699,non_match
66768594#47814705,non_match
66810868#26237955,non_match
66810868#27700752,non_match
6721540#88855243,non_match
67275979#30212626,non_match
67556867#46246978,match
68874465#75249284,non_match
68891313#77969198,non_match
69167600#68891313,non_match
69406607#49092761,match
69817830#10999896,non_match
69918467#71555853,match
70100785#20467137,non_match
70331081#51909448,match
70331081#97940008,non_match
70702847#88286371,non_match
71230660#12750791,non_match
71230660#88168633,match
71490927#34583798,non_match
7158327#45014189,non_match
7158327#72819377,non_match
72314218#93548558,non_match
73591660#44141044,non_match
74021002#26009855,non_match
74722865#66652299,non_match
74756753#45145764,match
74908666#53737120,non_match
75384375#38552937,non_match
75462645#47282882,non_match
75596485#44483408,non_match
75596485#70880620,non_match
75749012#54798530,non_match
75749012#64223023,non_match
76024362#53521572,non_match
76657775#78223883,non_match
76657775#88945662,match
77094922#24927054,non_match
77926243#5030809,non_match
77969198#97396039,non_match
79148737#26301462,non_match
79148737#54685720,non_match
79334302#4486003,non_match
79475473#84899710,non_match
7979158#12032039,non_match
7979158#63899324,non_match
80500885#11542304,non_match
80876204#30675144,match
80876204#77117519,non_match
81069691#96888760,match
81212084#40876435,non_match
81212084#41520329,non_match
81351830#53641305,non_match
81439789#53426556,non_match
81603750#34402785,non_match
81870804#12853731,non_match
82090972#12850168,non_match
82583255#47751906,non_match
8298432#12432797,non_match
830512#9767156,non_match
8315719#89102922,non_match
83274921#92318972,non_match
83992680#30012034,match
84429009#80529811,non_match
84465814#4486003,match
84514463#66625804,non_match
84528711#11763693,non_match
84528711#27166337,match
84668470#76157897,non_match
8482438#37007640,match
85333987#32328366,non_match
8565641#76497591,non_match
85887866#76426260,non_match
86176880#78989521,non_match
86775292#66053411,non_match
87137236#70331081,non_match
87322400#1283491,non_match
87410064#94512766,non_match
87572356#58763783,non_match
88031640#6256141,match
88398980#27021728,non_match
88730603#12772810,non_match
8882504#19462081,non_match
88855243#96888760,non_match
89102922#14418390,non_match
89102922#48035811,non_match
89323553#13502365,non_match
89814977#62578226,non_match
8994298#12524915,non_match
90603941#5137860,non_match
90921158#64536135,non_match
91126559#68173491,non_match
92318972#86924416,non_match
92318972#93168786,non_match
94512766#29914496,match
9513553#59536106,non_match
95222715#83013356,non_match
962259#9748896,non_match
96889697#55031719,non_match
97112728#96712384,non_match
97396039#60392051,non_match
97634734#29553137,non_match
9767156#18567164,non_match
98241359#80086981,match
98554509#56383083,non_match
9862290#12110339,non_match
98793471#85887866,match
