row_index,pair_id,majority_label,majority_label_id,outer_fold
0,14654897#36425270,match,1,2
1,31531912#60397145,non_match,0,1
2,44557157#90806148,non_match,0,3
3,49605449#36985401,non_match,0,3
4,3024917#70174967,non_match,0,2
5,27442156#71716796,non_match,0,3
6,18865753#13238453,non_match,0,1
7,45014189#84875057,non_match,0,2
8,97634734#29553137,non_match,0,2
9,30526558#48035811,non_match,0,1
10,68731207#90603941,non_match,0,1
11,47431263#72145468,non_match,0,2
12,18922461#62242636,non_match,0,1
13,54536046#40357787,non_match,0,2
14,562267#32904204,non_match,0,2
15,5137860#77220996,non_match,0,3
16,75551932#60571140,non_match,0,2
17,54500223#74756753,non_match,0,2
18,29006523#7437957,non_match,0,2
19,11564664#5603029,non_match,0,1
20,7021169#8939620,non_match,0,1
21,84528711#97657130,non_match,0,1
22,55645397#415992,non_match,0,3
23,16855766#64016107,non_match,0,3
24,58755004#2158913,non_match,0,3
25,19411291#9016004,non_match,0,3
26,32904204#5938532,non_match,0,3
27,15306268#24574240,match,1,1
28,24351127#81212084,match,1,2
29,13142970#95282914,non_match,0,3
30,21670568#79415655,match,1,3
31,5030809#71290070,non_match,0,2
32,32413380#1130275,non_match,0,1
33,37865200#72145468,non_match,0,1
34,77806817#11427812,match,1,1
35,68770838#48734649,match,1,3
36,42604445#33365078,match,1,2
37,27365404#3807651,non_match,0,1
38,6721540#88855243,non_match,0,2
39,75157949#27195828,match,1,3
40,10214898#83211359,non_match,0,1
41,37955791#24360041,non_match,0,3
42,32328366#90183159,non_match,0,2
43,30675144#20152457,non_match,0,1
44,81239989#89258775,non_match,0,1
45,66437726#8315719,non_match,0,1
46,73591660#77356650,match,1,3
47,40208952#42210935,non_match,0,3
48,19248199#6020197,non_match,0,3
49,50775039#81439789,non_match,0,2
50,56603137#77926243,non_match,0,2
51,18865753#69236418,non_match,0,2
52,24052138#3762458,non_match,0,1
53,48791418#7020103,non_match,0,1
54,41902860#88031640,non_match,0,2
55,24742825#97547150,match,1,3
56,5603029#9951028,non_match,0,1
57,24927054#29167528,non_match,0,1
58,84875057#50944416,non_match,0,2
59,61869387#36868284,non_match,0,2
60,66768594#47814705,non_match,0,1
61,14628836#12890760,non_match,0,1
62,32763428#52993309,non_match,0,2
63,12051271#91929224,match,1,1
64,49678723#36868284,non_match,0,3
65,98241359#93651578,non_match,0,2
66,19102781#81424577,non_match,0,3
67,26425849#36425270,non_match,0,3
68,61964427#43932865,non_match,0,3
69,29167528#98859135,non_match,0,1
70,17465629#4486003,non_match,0,1
71,3598671#50920560,non_match,0,1
72,47070583#70702847,match,1,3
73,24351127#32658304,non_match,0,2
74,13174650#96636315,non_match,0,1
75,84899710#66810868,match,1,1
76,98857946#7931274,non_match,0,1
77,6256141#81948691,non_match,0,3
78,77356650#61791022,non_match,0,3
79,79148737#26301462,non_match,0,3
80,65953977#16403660,match,1,2
81,53464814#15041298,non_match,0,2
82,80725760#20467137,non_match,0,3
83,2687477#40876435,non_match,0,3
84,45014189#37955791,non_match,0,2
85,52356483#51823526,non_match,0,3
86,71230660#12750791,non_match,0,1
87,15774916#22770211,non_match,0,1
88,41253009#83592973,non_match,0,2
89,47784049#88286371,non_match,0,2
90,90183159#4486003,non_match,0,2
91,62287971#8281130,non_match,0,2
92,43780660#8343900,match,1,3
93,35410623#34746615,non_match,0,3
94,27347346#90183159,match,1,2
95,36499924#28284405,match,1,1
96,77338417#85033463,non_match,0,1
97,7180445#28465006,non_match,0,1
98,42779659#87322400,non_match,0,1
99,28603694#41234714,non_match,0,1
100,73315956#73180792,match,1,1
101,89323553#24284489,match,1,2
102,42181153#18137846,match,1,3
103,35405134#41867761,non_match,0,2
104,13238453#47389275,non_match,0,2
105,47389275#516433,non_match,0,1
106,80159309#96279287,match,1,2
107,23351642#84899710,non_match,0,1
108,70331081#51909448,match,1,1
109,18960736#24268406,match,1,2
110,47146148#46246978,non_match,0,1
111,10385523#9767156,non_match,0,2
112,96142257#31373426,match,1,2
113,60571140#48293393,non_match,0,1
114,19949293#22109936,non_match,0,1
115,18567164#66768594,non_match,0,2
116,84249757#68689972,non_match,0,2
117,20737266#60571140,non_match,0,1
118,45946412#56064924,non_match,0,3
119,24268406#34532774,non_match,0,1
120,3348619#21075521,non_match,0,3
121,66768594#27923177,match,1,1
122,89814977#62578226,non_match,0,2
123,57337098#78504458,non_match,0,2
124,12615558#57337098,non_match,0,2
125,7383990#1017836,non_match,0,2
126,63928436#27468857,non_match,0,2
127,91625850#73248952,non_match,0,3
128,61296263#83418921,non_match,0,1
129,51733905#60088869,non_match,0,3
130,48734649#79232921,non_match,0,3
131,87410064#94512766,non_match,0,1
132,14576497#88855243,match,1,1
133,24791295#88957207,non_match,0,3
134,58599683#96142257,non_match,0,1
135,61786686#8994298,non_match,0,1
136,70558780#22685310,match,1,2
137,21506250#3764542,non_match,0,2
138,70880620#49678723,non_match,0,2
139,18567164#83992680,non_match,0,1
140,31420404#21044132,non_match,0,1
141,31177984#17465629,non_match,0,2
142,12109505#29825517,non_match,0,3
143,67318157#92858368,non_match,0,3
144,75749012#54377216,non_match,0,3
145,50789754#77356650,non_match,0,1
146,67275979#54829738,match,1,3
147,24561369#43453350,non_match,0,1
148,49066670#70880620,non_match,0,1
149,26425849#10737119,non_match,0,3
150,62293619#63386383,non_match,0,1
151,16529934#5312650,non_match,0,2
152,38546562#86924416,non_match,0,2
153,70880620#54798530,non_match,0,2
154,43409810#35424032,non_match,0,3
155,87281733#44483408,match,1,1
156,56034511#80086981,non_match,0,3
157,66047716#78989521,non_match,0,1
158,53905543#96279287,non_match,0,3
159,14639066#66129710,non_match,0,2
160,68891313#72819377,match,1,1
161,16327022#4484537,non_match,0,3
162,21670568#67462269,non_match,0,2
163,54992750#81954319,non_match,0,1
164,22992322#71442235,non_match,0,3
165,95251916#53081061,non_match,0,3
166,9561888#30675144,non_match,0,3
167,36532408#35737919,non_match,0,2
168,31531912#30102415,non_match,0,3
169,12127235#19462081,non_match,0,3
170,6978466#81524454,match,1,3
171,5603029#48035811,match,1,1
172,9513553#83418921,non_match,0,3
173,14628836#84745207,non_match,0,3
174,58763783#81441228,match,1,2
175,62287971#17629924,non_match,0,3
176,49678723#28465006,non_match,0,3
177,81870804#12853731,non_match,0,3
178,12772810#18874158,non_match,0,2
179,7574514#18835729,non_match,0,1
180,14418390#29914496,non_match,0,3
181,20737266#64351459,match,1,1
182,29339493#24494324,non_match,0,3
183,24224044#47282882,non_match,0,3
184,60638240#8174351,match,1,3
185,88924072#30454890,non_match,0,2
186,12032039#16421267,match,1,1
187,28603694#68874465,non_match,0,3
188,87637930#89961053,non_match,0,2
189,77969198#89102922,match,1,1
190,21755591#8565641,non_match,0,2
191,5519409#62368315,non_match,0,2
192,1329026#61154808,non_match,0,2
193,75132289#61868905,non_match,0,2
194,75431386#26786850,non_match,0,2
195,33078108#54277804,non_match,0,2
196,81441228#70495926,non_match,0,3
197,90795718#71442235,match,1,2
198,516433#15448834,non_match,0,2
199,76569969#81628037,non_match,0,3
200,89243104#31373426,non_match,0,3
201,11708101#69366044,non_match,0,2
202,5964390#62891962,non_match,0,1
203,56459937#48580118,non_match,0,1
204,12890760#54978736,non_match,0,3
205,16529934#97396039,match,1,1
206,84459988#74972794,non_match,0,2
207,26049981#48734649,non_match,0,3
208,31149803#52948864,match,1,1
209,96142257#47751906,non_match,0,3
210,21755591#93651578,non_match,0,1
211,62287971#91137581,non_match,0,3
212,62422382#52851091,match,1,1
213,46950967#5030809,non_match,0,2
214,54277804#98600039,non_match,0,2
215,54978736#84745207,non_match,0,3
216,58755004#2952392,non_match,0,3
217,88957207#8482438,non_match,0,3
218,27195828#28282387,non_match,0,1
219,74908666#82830386,non_match,0,1
220,82090972#51683015,non_match,0,2
221,89102922#14418390,non_match,0,1
222,62293619#48138837,non_match,0,1
223,75462645#53660770,non_match,0,1
224,83555610#69366044,non_match,0,3
225,10214898#17681625,non_match,0,1
226,29914496#81441228,non_match,0,1
227,30102415#41704902,non_match,0,3
228,18147366#40617635,non_match,0,2
229,7158327#45014189,non_match,0,3
230,11665937#46741147,non_match,0,3
231,7437957#37387828,non_match,0,2
232,77926243#5030809,non_match,0,1
233,88957207#80500885,non_match,0,2
234,67556867#46246978,match,1,1
235,47293324#91980346,non_match,0,3
236,69866884#38693547,non_match,0,2
237,7979158#63899324,non_match,0,3
238,48169914#88924072,match,1,2
239,75596485#70880620,non_match,0,1
240,28656579#63016126,non_match,0,3
241,16529934#44483408,match,1,2
242,66680332#96677424,non_match,0,3
243,70665219#9242778,non_match,0,3
244,7021169#36133874,non_match,0,3
245,93651578#11620368,non_match,0,2
246,18331466#64536135,non_match,0,2
247,49678723#41570143,non_match,0,1
248,88855243#96888760,non_match,0,3
249,81212084#40876435,non_match,0,1
250,30143469#14519075,non_match,0,1
251,93978472#62242636,non_match,0,1
252,69918467#12291734,non_match,0,1
253,66625804#58763783,non_match,0,3
254,52948864#97547150,non_match,0,1
255,18331466#69996428,non_match,0,2
256,84668470#61195551,non_match,0,2
257,61066243#42604445,non_match,0,3
258,83013356#83555610,match,1,3
259,93836358#96888760,non_match,0,1
260,41867761#16470846,non_match,0,3
261,23491163#29204789,non_match,0,2
262,24742825#62145678,non_match,0,3
263,55918296#43742368,non_match,0,1
264,26049981#79232921,match,1,1
265,35410623#57337098,non_match,0,3
266,36022457#2687477,non_match,0,2
267,47317909#51946981,non_match,0,2
268,65479901#19411291,non_match,0,1
269,79558814#81920536,non_match,0,1
270,63479109#54685720,non_match,0,1
271,87137236#70331081,non_match,0,1
272,16785446#92894304,non_match,0,2
273,75384375#23211539,non_match,0,1
274,72838471#10737119,non_match,0,2
275,77806817#57255527,non_match,0,3
276,62318417#55031719,non_match,0,3
277,38823136#9923090,non_match,0,2
278,50789754#58893463,non_match,0,1
279,84438504#83418921,match,1,1
280,36499924#15880732,non_match,0,2
281,42181153#12991173,non_match,0,1
282,97547150#31149803,non_match,0,2
283,70100785#20467137,non_match,0,3
284,81603750#34402785,match,1,3
285,12164188#31247528,non_match,0,1
286,43932865#17007886,non_match,0,1
287,71490927#71230660,non_match,0,2
288,6930754#7979158,match,1,2
289,27347346#81351830,non_match,0,2
290,1644190#7383990,non_match,0,1
291,91929224#33653915,non_match,0,1
292,43006963#20145574,non_match,0,3
293,66652299#90916504,match,1,3
294,8315719#48790334,non_match,0,2
295,87322400#98793471,non_match,0,2
296,1644190#62368315,non_match,0,3
297,58755004#37955791,match,1,3
298,3736831#6800809,non_match,0,1
299,61201533#27365404,non_match,0,3
300,62422382#24268406,non_match,0,3
301,83555610#96098511,non_match,0,1
302,48169914#16529934,non_match,0,2
303,3889666#24927054,non_match,0,2
304,93033011#25877530,non_match,0,1
305,29716234#34746615,non_match,0,1
306,31558480#2282686,non_match,0,2
307,25135333#30336988,non_match,0,1
308,87322400#1283491,non_match,0,2
309,60638240#77969198,non_match,0,3
310,24927054#63513295,match,1,1
311,1515409#37862083,non_match,0,1
312,21658813#22007806,non_match,0,3
313,45946412#25593960,non_match,0,2
314,51823526#24574240,non_match,0,1
315,26301462#38447746,match,1,1
316,77492364#47200708,non_match,0,3
317,48435137#35405134,non_match,0,3
318,26049981#30143469,non_match,0,2
319,10557104#43453350,non_match,0,1
320,83592973#78504449,non_match,0,1
321,35405134#49067884,non_match,0,3
322,81351830#53641305,non_match,0,1
323,69918467#15813840,non_match,0,2
324,23757092#6612505,non_match,0,1
325,54500223#88945662,non_match,0,3
326,12176070#50920560,non_match,0,3
327,48169914#1283491,non_match,0,3
328,76657775#88945662,match,1,3
329,44141044#15448834,match,1,2
330,52249526#70880620,non_match,0,1
331,52425202#18666720,non_match,0,1
332,41456801#18309559,non_match,0,2
333,66692743#96889697,match,1,3
334,75840459#69866884,match,1,3
335,35978749#60392051,non_match,0,2
336,73591660#8174351,non_match,0,2
337,81954319#12109505,non_match,0,3
338,81424577#30526558,non_match,0,2
339,80086981#43904710,non_match,0,3
340,83555610#1741624,non_match,0,2
341,36803847#13024596,non_match,0,1
342,93033011#7871753,non_match,0,1
343,24351127#50769372,non_match,0,2
344,62807515#85333987,non_match,0,2
345,74490598#96098511,match,1,1
346,18960736#65827191,non_match,0,3
347,53641305#22109936,non_match,0,1
348,27365404#43932865,non_match,0,3
349,28224541#50903406,non_match,0,2
350,27043300#91929224,non_match,0,2
351,3348619#32413380,non_match,0,2
352,7158327#45313699,match,1,1
353,35793904#20467137,non_match,0,1
354,35793904#61306190,non_match,0,3
355,45946412#30141859,non_match,0,2
356,75749012#54798530,non_match,0,2
357,962259#1647419,match,1,3
358,10557104#80500885,non_match,0,1
359,23211539#46741147,non_match,0,3
360,40521037#42210935,non_match,0,3
361,23055402#34259452,match,1,2
362,44025931#68142605,non_match,0,3
363,57534412#62242632,non_match,0,2
364,62631842#82676601,non_match,0,2
365,35599020#58893463,non_match,0,3
366,53451198#12109505,non_match,0,1
367,45880639#84821763,non_match,0,2
368,27195828#12650660,non_match,0,3
369,629096#2965203,match,1,3
370,89258775#70269940,non_match,0,2
371,48521210#17282907,match,1,3
372,64003605#47389275,match,1,1
373,81408609#75249284,non_match,0,2
374,70702847#88945662,non_match,0,3
375,7488025#11620368,non_match,0,2
376,56574761#60088869,non_match,0,3
377,61964427#88286371,match,1,3
378,95671075#76195289,non_match,0,3
379,31420404#31531912,non_match,0,1
380,54500223#8939620,non_match,0,2
381,13142970#63984980,non_match,0,3
382,84528711#27166337,match,1,3
383,86176880#78989521,non_match,0,3
384,13887167#64536135,non_match,0,1
385,46809516#75799899,match,1,3
386,25431697#59141538,match,1,2
387,58893463#41191422,non_match,0,1
388,32904204#1286250,match,1,2
389,37439609#7437957,match,1,1
390,1821257#33622216,match,1,2
391,10937592#75840459,non_match,0,2
392,83362334#1283491,match,1,1
393,31143310#26009855,match,1,1
394,22992322#47388064,non_match,0,2
395,62631842#37439609,non_match,0,2
396,62631842#9016004,match,1,3
397,43904710#51033513,non_match,0,2
398,16855766#29825517,non_match,0,3
399,92318972#49127797,non_match,0,2
400,95222715#74972794,non_match,0,2
401,33609155#93094504,non_match,0,1
402,8994298#54536046,match,1,2
403,88031640#6256141,match,1,3
404,58763783#31510768,non_match,0,2
405,15813840#49678723,non_match,0,1
406,36868284#53521572,non_match,0,2
407,26009855#66047716,non_match,0,2
408,54214061#96712384,match,1,2
409,98793471#23605781,non_match,0,3
410,34532774#39833087,non_match,0,2
411,54992750#11676180,non_match,0,1
412,93651578#1367517,non_match,0,1
413,55037683#97112728,non_match,0,3
414,69236418#10719102,non_match,0,3
415,75157949#65827191,non_match,0,2
416,77146001#31373426,non_match,0,2
417,55031719#10999896,non_match,0,1
418,5519409#21963707,non_match,0,3
419,24561369#32867763,match,1,3
420,55031719#54829738,non_match,0,2
421,53641305#90603941,non_match,0,1
422,14418390#87076936,match,1,2
423,9242778#63741667,non_match,0,2
424,27347346#6020197,non_match,0,3
425,5092599#93978472,non_match,0,2
426,79625472#516433,match,1,3
427,78504449#57337098,non_match,0,1
428,45946412#12389785,non_match,0,2
429,50920560#69996428,non_match,0,3
430,91717987#61066243,non_match,0,3
431,20467137#10557104,non_match,0,1
432,88286371#68874465,non_match,0,2
433,25431697#12110339,non_match,0,1
434,46010816#18874158,match,1,2
435,40876435#18835729,non_match,0,3
436,87046884#49066670,non_match,0,1
437,41253009#60088869,non_match,0,1
438,2965203#70159856,non_match,0,3
439,415992#22770211,non_match,0,1
440,47146148#59324937,non_match,0,1
441,75551932#12243414,non_match,0,1
442,96037332#46010816,non_match,0,2
443,97535509#10557104,non_match,0,2
444,18346724#93033011,non_match,0,1
445,68689972#93548558,match,1,1
446,7574514#20737266,non_match,0,1
447,56459937#85887866,non_match,0,1
448,39130017#83362334,non_match,0,3
449,8882504#19462081,non_match,0,1
450,55645397#10229909,match,1,2
451,88865914#17172533,match,1,2
452,12761549#1329026,non_match,0,3
453,5708838#5938532,non_match,0,1
454,25593960#41191422,match,1,3
455,12432797#7274546,non_match,0,1
456,53464814#34259452,non_match,0,3
457,18456007#12959047,non_match,0,2
458,35469349#96691496,non_match,0,2
459,33972604#66047716,non_match,0,2
460,78223883#27468857,non_match,0,1
461,2208630#74908666,non_match,0,3
462,61306190#619357,match,1,2
463,87998765#97987485,non_match,0,3
464,20900807#24802094,non_match,0,3
465,23775322#29204789,non_match,0,1
466,12991173#7413764,non_match,0,1
467,39833087#84459988,non_match,0,3
468,63000389#83362334,non_match,0,3
469,8482438#37007640,match,1,3
470,68527967#830512,match,1,2
471,18327954#1515409,non_match,0,2
472,49058519#77308213,non_match,0,3
473,61296263#38785326,non_match,0,3
474,415992#12127235,non_match,0,1
475,64016107#83555610,non_match,0,3
476,67556867#43876521,non_match,0,1
477,96279287#82531103,non_match,0,3
478,84899710#45880639,non_match,0,3
479,43411151#47388064,non_match,0,2
480,2046148#17128193,non_match,0,3
481,93674071#66625804,match,1,1
482,17813216#48521210,non_match,0,1
483,31510768#66053411,non_match,0,1
484,2208630#30502153,non_match,0,3
485,57298257#21668308,non_match,0,3
486,1283491#23757092,non_match,0,1
487,88773659#52799959,non_match,0,3
488,3170005#62089162,match,1,2
489,2687477#9951028,match,1,2
490,23605781#5312650,non_match,0,1
491,96889697#55031719,non_match,0,3
492,74659398#29553137,match,1,2
493,25870078#84514463,match,1,2
494,17869090#18456007,non_match,0,3
495,83274921#92318972,non_match,0,2
496,30102415#59141538,non_match,0,1
497,31558480#1367517,non_match,0,1
498,12772810#70403624,non_match,0,1
499,45014189#34168295,non_match,0,1
500,11022309#76195289,non_match,0,1
501,415992#29914496,non_match,0,1
502,93836358#33622216,non_match,0,1
503,80529811#5964390,non_match,0,2
504,7883208#9767156,match,1,2
505,63928436#9232364,non_match,0,3
506,18835729#75132289,non_match,0,3
507,9923090#27700752,non_match,0,1
508,92318972#60624891,non_match,0,1
509,94106554#4284864,non_match,0,3
510,11149251#41704902,match,1,1
511,39417365#79821099,non_match,0,1
512,44763957#5708838,match,1,3
513,55918296#54214061,non_match,0,2
514,82090972#84821763,match,1,1
515,40876435#61201533,non_match,0,1
516,31276154#2965203,non_match,0,3
517,90945536#72838471,non_match,0,3
518,36532408#38818158,match,1,2
519,34388814#47146148,non_match,0,3
520,22109936#87824933,match,1,2
521,89814977#9513553,non_match,0,1
522,34689442#7931274,match,1,3
523,14628836#12164188,non_match,0,3
524,9242778#49810009,match,1,3
525,48658824#25980770,non_match,0,1
526,66047716#40617635,non_match,0,1
527,97940008#61296263,non_match,0,1
528,25980770#80963811,non_match,0,2
529,53660770#25980770,non_match,0,3
530,91137581#7413764,non_match,0,1
531,48734603#6795966,match,1,1
532,48138837#81239989,match,1,2
533,50007186#96989593,non_match,0,2
534,25657556#98124674,non_match,0,3
535,41253009#45759535,non_match,0,1
536,62631842#62293619,non_match,0,2
537,61296263#96636315,non_match,0,1
538,44025931#51919374,non_match,0,1
539,35583855#79788718,non_match,0,2
540,36027066#61296263,match,1,3
541,94512766#29914496,match,1,2
542,23351642#8882504,non_match,0,1
543,80963811#81524454,non_match,0,2
544,18862066#57141050,non_match,0,3
545,88945662#31803140,non_match,0,2
546,50278024#87824933,non_match,0,1
547,96691496#21075521,non_match,0,3
548,16958158#82531103,non_match,0,2
549,89243104#9746845,non_match,0,2
550,16327022#65028129,non_match,0,3
551,98241359#18960736,non_match,0,1
552,35599020#3447561,non_match,0,2
553,94739264#30007794,non_match,0,3
554,3167871#69817830,match,1,2
555,43780660#18567164,non_match,0,2
556,17007886#962259,match,1,2
557,17869090#17681625,match,1,1
558,38823136#57791020,match,1,3
559,88031640#17128193,non_match,0,2
560,71555853#12853731,non_match,0,3
561,12243414#80102860,match,1,3
562,87824933#35469349,non_match,0,1
563,26425849#32701286,non_match,0,2
564,46246978#6978466,non_match,0,1
565,55918296#74908666,non_match,0,3
566,64536135#90795718,non_match,0,1
567,43742368#18137846,non_match,0,3
568,85033463#46987758,non_match,0,3
569,73248952#90945536,non_match,0,3
570,46100236#27365404,non_match,0,3
571,42516046#74927976,match,1,1
572,77338417#2046148,non_match,0,2
573,25657556#97547150,non_match,0,1
574,62089162#60571140,non_match,0,2
575,70880620#962259,match,1,1
576,9016004#21668308,non_match,0,3
577,34301207#22109936,non_match,0,1
578,84429009#76024362,non_match,0,2
579,62274139#53641305,non_match,0,3
580,1781011#9862290,non_match,0,3
581,25877530#48484532,non_match,0,1
582,93651578#19102781,non_match,0,2
583,41485546#2952392,match,1,3
584,12890760#30454890,non_match,0,2
585,21668308#70174967,non_match,0,3
586,7871753#65028129,match,1,2
587,8343900#78989521,non_match,0,2
588,93770909#18147366,non_match,0,3
589,47784049#20847407,non_match,0,2
590,18922461#47431263,non_match,0,2
591,64323838#46809516,non_match,0,2
592,91929224#71230660,non_match,0,1
593,3447561#65372331,non_match,0,2
594,6800809#63479109,non_match,0,3
595,50775039#96037332,non_match,0,2
596,51400506#38552937,non_match,0,2
597,79475473#69996428,non_match,0,1
598,41987114#26786850,non_match,0,2
599,82583255#35410623,non_match,0,1
600,81603750#64692163,non_match,0,2
601,11625823#36499924,non_match,0,3
602,11409646#97634734,non_match,0,3
603,24791295#97940008,match,1,1
604,9069903#26237955,non_match,0,2
605,22211135#54536046,non_match,0,3
606,86176880#32931015,non_match,0,1
607,23211539#98124674,non_match,0,1
608,16421267#23351642,non_match,0,2
609,48102422#13174650,non_match,0,1
610,84514463#75384375,non_match,0,3
611,12991173#18137846,non_match,0,3
612,1286250#562267,non_match,0,2
613,73194223#29167528,non_match,0,2
614,23055402#53464814,non_match,0,2
615,18456007#94106554,match,1,2
616,43411151#67614478,non_match,0,1
617,83724071#30143469,non_match,0,1
618,53464814#81603750,non_match,0,3
619,21670568#76024362,non_match,0,1
620,37007640#30500904,non_match,0,3
621,47070583#13253151,non_match,0,3
622,18480165#50920560,non_match,0,3
623,47317909#98859135,match,1,3
624,35809370#50789754,match,1,3
625,48521210#81870804,non_match,0,2
626,56034511#22685310,non_match,0,3
627,56383083#41148564,non_match,0,1
628,72838471#34532774,non_match,0,3
629,17681625#2965203,non_match,0,2
630,37254069#47200708,non_match,0,1
631,55157414#35100344,non_match,0,2
632,80529811#14628836,non_match,0,1
633,41987114#64003605,non_match,0,3
634,51946981#29914496,non_match,0,2
635,33078108#15448834,non_match,0,2
636,27449862#77492364,match,1,2
637,51733905#2158913,non_match,0,1
638,1017836#48791418,non_match,0,3
639,18456007#71290070,non_match,0,2
640,37007640#9242778,non_match,0,2
641,1647419#20060104,non_match,0,3
642,46100236#35583855,non_match,0,3
643,53521572#5092599,non_match,0,2
644,13142970#27043300,non_match,0,1
645,84459988#88168633,non_match,0,1
646,1286250#38447746,non_match,0,1
647,15678458#46441935,non_match,0,3
648,34746615#15787372,non_match,0,2
649,24574240#30012034,non_match,0,2
650,30141859#31585097,non_match,0,1
651,56383083#95781094,non_match,0,1
652,25135333#47146148,non_match,0,2
653,14224876#33609155,non_match,0,2
654,52404977#18346724,match,1,1
655,41570143#23276195,match,1,2
656,96384448#37439609,non_match,0,2
657,96888760#7383990,non_match,0,2
658,3957020#20152457,match,1,2
659,31558480#30454890,non_match,0,3
660,35759560#40845396,match,1,2
661,47293324#1136383,non_match,0,3
662,3223487#57298257,non_match,0,3
663,30419251#88855243,non_match,0,3
664,47818268#98600039,match,1,2
665,51909448#75596485,non_match,0,2
666,24791295#84514463,non_match,0,1
667,47431263#57791020,non_match,0,3
668,78989521#12291734,non_match,0,3
669,42604445#62422382,non_match,0,3
670,15648#97035417,non_match,0,1
671,27043300#96636315,non_match,0,3
672,7021169#95282914,non_match,0,3
673,43904710#95781094,match,1,3
674,66652299#6800809,non_match,0,2
675,28129178#9561888,match,1,3
676,80876204#77117519,non_match,0,1
677,17282907#40764402,non_match,0,1
678,16403660#32979461,non_match,0,3
679,53660770#12109505,non_match,0,2
680,96636315#6256141,non_match,0,1
681,63928436#97535509,match,1,2
682,81870804#72125402,non_match,0,3
683,76426260#36027066,non_match,0,2
684,65953977#22000442,non_match,0,3
685,52851091#6480791,non_match,0,3
686,79558814#91625850,non_match,0,2
687,35793904#96691496,non_match,0,2
688,22563019#48435137,non_match,0,2
689,2314380#10385523,match,1,3
690,37862083#79148737,match,1,3
691,91717987#75596485,match,1,2
692,30675144#33653915,non_match,0,2
693,2158913#21924094,non_match,0,1
694,54550733#3957020,non_match,0,1
695,29714425#1367517,match,1,3
696,25877530#70665219,non_match,0,3
697,13024596#39130017,match,1,1
698,82531103#46809516,non_match,0,2
699,1329026#26425849,match,1,1
700,23276195#18147366,non_match,0,2
701,79788718#47613152,non_match,0,2
702,81349254#82830386,non_match,0,1
703,44025931#62318417,non_match,0,2
704,36295476#15774916,non_match,0,3
705,80086981#30502153,non_match,0,3
706,12761549#84459988,non_match,0,2
707,97035417#18331466,non_match,0,3
708,31531912#1017836,non_match,0,3
709,62274139#18500821,match,1,3
710,74490598#18500821,non_match,0,1
711,26301462#8482438,non_match,0,2
712,11542304#48484532,non_match,0,2
713,48305046#81439789,non_match,0,2
714,8281130#83362334,non_match,0,2
715,3598671#5137860,non_match,0,1
716,10999896#18331466,non_match,0,2
717,16403660#24802094,non_match,0,2
718,7736538#70702847,non_match,0,3
719,14128915#1286250,non_match,0,2
720,52993309#66191134,non_match,0,1
721,47070583#54214061,non_match,0,3
722,20900807#36985401,non_match,0,1
723,59536106#26425849,non_match,0,1
724,41987114#67462269,non_match,0,1
725,68527967#91137581,non_match,0,3
726,19411291#7437957,non_match,0,2
727,89243104#72314218,non_match,0,1
728,7437957#21668308,non_match,0,1
729,3762458#79475473,match,1,3
730,48734603#2392632,non_match,0,3
731,34073206#82583255,non_match,0,2
732,5964390#56383083,non_match,0,2
733,73194223#65479901,non_match,0,1
734,3170005#62945209,non_match,0,2
735,62842391#17007886,non_match,0,2
736,77094922#10496,match,1,2
737,34532774#962259,non_match,0,1
738,26049981#68770838,non_match,0,2
739,44763957#68731207,non_match,0,2
740,72314218#18874158,non_match,0,3
741,65372331#74722865,non_match,0,3
742,64016107#62842391,non_match,0,2
743,29467728#59141538,non_match,0,2
744,1741624#18862066,match,1,2
745,87046884#52356483,non_match,0,2
746,43876521#21122556,match,1,2
747,50944416#78223883,non_match,0,2
748,95781094#98554509,non_match,0,1
749,91625850#54500223,non_match,0,2
750,57337098#43189520,non_match,0,1
751,62578226#90603941,match,1,2
752,42341716#57298257,match,1,1
753,57812056#54978736,non_match,0,3
754,21469105#52404977,non_match,0,3
755,18480165#59536106,non_match,0,2
756,80876204#25025467,non_match,0,1
757,15725521#35809370,non_match,0,3
758,562267#35978749,non_match,0,3
759,42341716#49092761,non_match,0,2
760,27468857#43904710,non_match,0,3
761,42181153#41234714,non_match,0,3
762,69366044#56736608,non_match,0,3
763,44557157#53464814,non_match,0,3
764,33671496#65827191,non_match,0,3
765,20847407#27074490,non_match,0,2
766,25980770#34388814,non_match,0,3
767,95052001#97396039,non_match,0,2
768,35737919#6978466,non_match,0,2
769,36985401#8565641,non_match,0,3
770,38546562#50005399,non_match,0,2
771,53081061#54978736,non_match,0,3
772,30500904#96384448,match,1,2
773,46100236#21755591,non_match,0,2
774,61964427#68874465,non_match,0,3
775,44884689#12032039,non_match,0,1
776,81356812#50903406,non_match,0,3
777,89102922#48035811,non_match,0,1
778,1741624#73248952,non_match,0,1
779,70331081#97940008,non_match,0,2
780,18915981#80159309,match,1,3
781,32931015#97657130,match,1,1
782,93836358#71957793,match,1,1
783,63479109#79851703,match,1,3
784,55031719#30102088,non_match,0,3
785,27365404#21463573,non_match,0,1
786,41485546#41570143,non_match,0,2
787,629096#70159856,non_match,0,2
788,39417365#93836358,non_match,0,3
789,29685693#25725051,non_match,0,3
790,53641305#67275979,non_match,0,3
791,47389275#38693547,non_match,0,3
792,10229909#13253151,non_match,0,3
793,84459988#12991173,non_match,0,1
794,25725051#83152267,match,1,3
795,75157949#1136383,non_match,0,1
796,80500885#59585994,match,1,3
797,79334302#64029523,non_match,0,3
798,98859135#78504449,non_match,0,2
799,20900807#47282882,non_match,0,1
800,29204789#32885383,non_match,0,3
801,81069691#43780660,match,1,2
802,66564908#84977888,match,1,2
803,74756753#21469105,non_match,0,2
804,22563019#64607522,non_match,0,2
805,49127797#5938532,match,1,3
806,66768594#18874158,non_match,0,1
807,7717624#83592973,non_match,0,3
808,95781094#68689972,non_match,0,3
809,27449862#60088869,non_match,0,2
810,61066243#18835729,non_match,0,2
811,22007806#12389785,match,1,3
812,712313#42779659,non_match,0,1
813,40617635#80725760,non_match,0,1
814,9513553#59536106,non_match,0,3
815,95222715#11427812,match,1,2
816,76569969#23276195,non_match,0,3
817,55393360#40116448,non_match,0,1
818,55918296#79232921,non_match,0,3
819,95671075#81603750,non_match,0,3
820,85033463#7488025,non_match,0,1
821,38117313#11620368,non_match,0,2
822,57812056#84745207,match,1,3
823,30102415#79707438,non_match,0,2
824,56475885#76569969,non_match,0,2
825,35583855#71290070,match,1,3
826,66680332#77220996,non_match,0,2
827,47818268#16470846,non_match,0,1
828,92704095#50775039,non_match,0,2
829,9862290#70495926,match,1,2
830,69406607#39833087,non_match,0,2
831,40845396#11022309,match,1,1
832,96384448#29914496,non_match,0,2
833,25431697#88924072,non_match,0,3
834,54377216#66129710,match,1,2
835,29204789#2952392,non_match,0,3
836,5030809#46246978,non_match,0,1
837,93836358#87259085,non_match,0,1
838,88945662#40357787,non_match,0,2
839,11409646#29553137,non_match,0,3
840,55918296#53737120,match,1,3
841,34689442#18960736,non_match,0,1
842,23828624#13024596,non_match,0,2
843,63016126#29825517,non_match,0,1
844,80963811#65372331,non_match,0,1
845,59141538#15267149,non_match,0,2
846,65655694#91126559,non_match,0,2
847,12853731#64518758,non_match,0,3
848,27166337#57083116,non_match,0,1
849,20152457#89814977,non_match,0,1
850,61794834#94106554,non_match,0,1
851,62318417#9746845,non_match,0,1
852,27195828#46741147,non_match,0,2
853,5964390#94739264,match,1,3
854,7873500#10373250,non_match,0,3
855,41191422#30674519,non_match,0,3
856,71230660#56676909,non_match,0,1
857,31177984#84249757,non_match,0,3
858,619357#69167600,non_match,0,2
859,9748896#70880620,non_match,0,2
860,77020269#62422382,non_match,0,3
861,89961053#81954319,non_match,0,2
862,97634734#81408609,non_match,0,1
863,68689972#95251916,non_match,0,2
864,8298432#12432797,non_match,0,2
865,77308213#18915981,non_match,0,2
866,12850168#37439609,non_match,0,1
867,25870078#1515409,non_match,0,1
868,18137846#96142257,non_match,0,3
869,16529934#98600039,non_match,0,2
870,64323838#45001854,non_match,0,3
871,29339493#50769372,match,1,2
872,89961053#35759560,non_match,0,2
873,7871753#18346724,non_match,0,3
874,50005399#81603750,non_match,0,3
875,41902860#19006949,match,1,3
876,76657775#13502365,non_match,0,3
877,14345451#27365404,match,1,3
878,65372331#80753512,match,1,1
879,19102781#51909448,non_match,0,3
880,56736608#81962548,match,1,1
881,82090972#12850168,non_match,0,2
882,80086981#12615558,non_match,0,1
883,47251006#33609155,non_match,0,2
884,97168711#18915981,non_match,0,1
885,79148737#88957207,non_match,0,1
886,41987114#8315719,non_match,0,1
887,58893463#41456801,non_match,0,1
888,23055402#35469349,non_match,0,1
889,55718937#79558814,non_match,0,3
890,45880639#74927976,match,1,1
891,43481409#75431386,match,1,1
892,39130017#5964390,non_match,0,3
893,42779659#48791418,non_match,0,1
894,6403220#66191134,non_match,0,1
895,29553137#8298432,non_match,0,1
896,92894304#11564664,non_match,0,2
897,55718937#70291557,match,1,2
898,22007806#45946412,non_match,0,3
899,98554509#56383083,non_match,0,3
900,81356812#9748896,match,1,3
901,90603941#15168588,non_match,0,2
902,962259#9748896,match,1,3
903,2282686#30674519,non_match,0,1
904,5519409#1136383,match,1,2
905,8565641#66053411,match,1,1
906,77806817#32328366,non_match,0,2
907,97396039#55393360,non_match,0,1
908,21075521#11676180,match,1,1
909,28824028#27043300,non_match,0,3
910,36985401#76657775,non_match,0,2
911,56574761#64016107,non_match,0,2
912,77117519#58763783,non_match,0,3
913,31420404#562267,non_match,0,2
914,68891313#77969198,non_match,0,1
915,32658304#7873500,non_match,0,3
916,60088869#64223023,match,1,3
917,62422382#13718289,non_match,0,2
918,47388064#23276195,non_match,0,2
919,64003605#2491460,non_match,0,1
920,12194096#38823136,non_match,0,3
921,21463573#8315719,match,1,3
922,12761549#52356483,non_match,0,2
923,77094922#30102088,non_match,0,1
924,57141050#48521210,non_match,0,2
925,63000389#17103408,match,1,2
926,36868284#62293619,match,1,3
927,12959047#12291734,non_match,0,2
928,30500904#53521572,non_match,0,3
929,19248199#72558082,non_match,0,2
930,85333987#75297744,match,1,2
931,4484537#95222715,non_match,0,3
932,77146001#49605449,non_match,0,1
933,28465006#92318972,non_match,0,2
934,93978472#52425202,match,1,2
935,29553137#46441935,non_match,0,2
936,30336988#50903406,non_match,0,2
937,48734649#26237955,non_match,0,3
938,12524915#80725760,non_match,0,1
939,88168633#66191134,non_match,0,1
940,10557104#962259,non_match,0,3
941,52992150#67614478,non_match,0,1
942,83992680#30012034,match,1,2
943,50007186#35583855,non_match,0,1
944,83152267#36133874,non_match,0,2
945,36425270#70702847,non_match,0,2
946,33206318#15880732,match,1,1
947,1781011#87259085,non_match,0,2
948,38383881#8174351,non_match,0,2
949,47613152#3447561,non_match,0,2
950,8882504#44884689,non_match,0,1
951,93836358#81239989,non_match,0,1
952,84528711#11763693,non_match,0,1
953,5312650#48305046,match,1,3
954,37862083#74525970,non_match,0,1
955,93548558#14224876,non_match,0,2
956,43481409#33972604,non_match,0,1
957,32979461#50769372,non_match,0,3
958,34073206#12176070,match,1,2
959,77926243#18309559,non_match,0,1
960,48435137#96889697,non_match,0,2
961,50775039#42210935,match,1,2
962,64351459#48791418,non_match,0,3
963,39833087#64692163,match,1,2
964,55136447#81424577,match,1,2
965,79851703#11427812,non_match,0,3
966,92318972#70291557,non_match,0,1
967,81239989#81212084,non_match,0,3
968,61868905#84528711,non_match,0,3
969,7274546#46809516,non_match,0,2
970,50920560#149175,non_match,0,3
971,25980770#43189520,non_match,0,2
972,27449862#96691496,non_match,0,1
973,98124674#90945536,non_match,0,3
974,75596485#44483408,non_match,0,3
975,21463573#36986473,non_match,0,1
976,80876204#10737119,non_match,0,2
977,25025467#11542304,non_match,0,3
978,7873500#27843837,non_match,0,3
979,63513295#57812056,non_match,0,2
980,88398980#27021728,non_match,0,2
981,34301207#62287971,match,1,1
982,78196838#64323838,non_match,0,3
983,6721540#27347346,non_match,0,2
984,52799959#17869090,non_match,0,2
985,7021169#7717624,match,1,3
986,23211539#18327954,non_match,0,3
987,49092761#76569969,non_match,0,2
988,11410512#74461011,non_match,0,3
989,63016126#57791020,non_match,0,2
990,62287971#97396039,non_match,0,1
991,58970863#84429009,match,1,1
992,27429904#26502310,non_match,0,3
993,40521037#70159856,non_match,0,1
994,56884127#31886989,non_match,0,3
995,62242632#7180445,non_match,0,3
996,28656579#26736430,non_match,0,2
997,3598671#62274139,non_match,0,3
998,23211539#6480791,non_match,0,2
999,88730603#35191236,match,1,3
1000,18915981#28656579,non_match,0,1
1001,64536135#88924072,non_match,0,3
1002,2024149#14418390,non_match,0,2
1003,32931015#49127797,non_match,0,3
1004,63928436#92704095,non_match,0,2
1005,69996428#50160182,non_match,0,3
1006,70986060#74927976,non_match,0,1
1007,30143469#14345451,non_match,0,1
1008,75749012#64223023,non_match,0,3
1009,1237125#8343900,non_match,0,3
1010,29339493#11406200,non_match,0,1
1011,29064292#6721540,non_match,0,3
1012,30674519#25877530,non_match,0,3
1013,77926243#2208630,match,1,2
1014,4287952#51033513,non_match,0,1
1015,9767156#18567164,non_match,0,2
1016,19042808#20060104,non_match,0,3
1017,21755591#74525970,non_match,0,2
1018,45014189#6236857,non_match,0,1
1019,77969198#33078108,non_match,0,2
1020,81954319#76426260,non_match,0,1
1021,96636315#18346724,non_match,0,3
1022,47784049#9561888,non_match,0,3
1023,74908666#53737120,non_match,0,3
1024,23276195#92704095,non_match,0,2
1025,90916504#35737919,non_match,0,3
1026,24802094#83274921,non_match,0,2
1027,21755591#38117313,non_match,0,2
1028,81920536#87998765,non_match,0,3
1029,12176070#18666720,non_match,0,2
1030,25870078#52356483,non_match,0,3
1031,84668470#1017836,match,1,2
1032,17813216#36022457,match,1,3
1033,68731207#96384448,non_match,0,2
1034,38383881#60638240,non_match,0,3
1035,77308213#83211359,non_match,0,3
1036,81439789#31803140,non_match,0,1
1037,2701835#81948691,non_match,0,3
1038,562267#15725521,non_match,0,1
1039,96037332#42210935,non_match,0,3
1040,70269940#30102088,non_match,0,2
1041,64518758#87637930,match,1,2
1042,40876435#89258775,match,1,2
1043,85333987#32658304,non_match,0,1
1044,7717624#36868284,non_match,0,2
1045,76497591#8882504,non_match,0,2
1046,74021002#2701835,non_match,0,3
1047,77146001#76195289,match,1,3
1048,41530379#7736538,match,1,2
1049,13887167#93094504,non_match,0,1
1050,51683015#83724071,match,1,3
1051,93725418#54829738,non_match,0,3
1052,74972794#51946981,non_match,0,2
1053,70986060#70495926,non_match,0,1
1054,61868905#51400506,non_match,0,1
1055,7413764#32413380,match,1,2
1056,84459988#32867763,non_match,0,2
1057,14639066#35599020,match,1,3
1058,34259452#37254069,non_match,0,3
1059,6800809#31373426,non_match,0,2
1060,66692743#36133874,non_match,0,2
1061,71442235#57534412,non_match,0,1
1062,6612505#30102088,non_match,0,2
1063,77338417#72558082,non_match,0,2
1064,30007794#46010816,non_match,0,2
1065,58599683#61869387,non_match,0,3
1066,21924094#61787029,non_match,0,1
1067,20152457#45633828,non_match,0,1
1068,62242636#75799899,non_match,0,3
1069,19102781#11763693,non_match,0,1
1070,22422851#48521210,non_match,0,1
1071,67462269#12110339,match,1,1
1072,17103408#52249526,non_match,0,3
1073,3762458#92858368,non_match,0,1
1074,27347346#83418921,non_match,0,3
1075,27365404#52490674,non_match,0,2
1076,20456341#3223487,match,1,1
1077,20060104#29467728,match,1,1
1078,13718289#18137846,non_match,0,3
1079,77806817#41182463,non_match,0,1
1080,74972794#63899324,non_match,0,1
1081,57083116#1515409,non_match,0,1
1082,78504449#78504458,non_match,0,1
1083,82583255#47751906,non_match,0,2
1084,75384375#38552937,non_match,0,2
1085,28824028#61154808,non_match,0,1
1086,69817830#10999896,non_match,0,1
1087,84668470#76157897,non_match,0,3
1088,4484537#25657556,match,1,1
1089,16470846#44141044,non_match,0,3
1090,18693009#1017836,non_match,0,2
1091,78196838#21463573,non_match,0,3
1092,3764542#29825517,non_match,0,3
1093,5092599#64692163,non_match,0,3
1094,8315719#64518758,non_match,0,1
1095,46809516#50278024,match,1,2
1096,29929454#59585994,non_match,0,2
1097,9242778#11406200,non_match,0,1
1098,19411291#21668308,match,1,2
1099,25657556#61201533,non_match,0,3
1100,42341716#47613152,non_match,0,3
1101,14519075#31585097,match,1,3
1102,1647419#61201533,non_match,0,1
1103,9069903#84514463,non_match,0,1
1104,81962548#88398980,non_match,0,2
1105,27166337#56574761,non_match,0,1
1106,88945662#47751906,non_match,0,3
1107,32413380#24052138,non_match,0,3
1108,77020269#52851091,non_match,0,3
1109,55037683#88730603,non_match,0,1
1110,61066243#7574514,match,1,1
1111,87824933#93651578,non_match,0,2
1112,64692163#416796,non_match,0,1
1113,38071613#54377216,non_match,0,1
1114,3420227#63000389,non_match,0,3
1115,53451198#9513553,non_match,0,3
1116,20847407#56064924,match,1,1
1117,30102088#64029523,match,1,3
1118,58755004#18960736,non_match,0,2
1119,30502153#7871753,non_match,0,2
1120,8174351#62318417,non_match,0,1
1121,33653915#81349254,non_match,0,3
1122,96691496#25945492,non_match,0,2
1123,68142605#6795966,non_match,0,2
1124,28824028#21755591,non_match,0,3
1125,74021002#4287952,match,1,2
1126,48658824#29716234,match,1,1
1127,98857946#74927976,non_match,0,2
1128,17282907#69817830,non_match,0,3
1129,34402785#74490598,non_match,0,1
1130,29167528#7158327,non_match,0,2
1131,32328366#32658304,match,1,3
1132,41530379#62242636,non_match,0,1
1133,49810009#18137846,non_match,0,1
1134,32701286#28129178,non_match,0,3
1135,43780660#84528711,non_match,0,3
1136,80725760#66047716,non_match,0,1
1137,62145678#93094504,non_match,0,1
1138,33671496#80753512,non_match,0,2
1139,12243414#84465814,non_match,0,1
1140,12194096#84465814,non_match,0,3
1141,77926243#73180792,non_match,0,2
1142,18289538#66680332,non_match,0,3
1143,77338417#61794834,match,1,1
1144,83592973#22000442,non_match,0,3
1145,49605449#90603941,non_match,0,3
1146,57082229#87322400,non_match,0,1
1147,3420227#24224044,non_match,0,1
1148,36532408#90391225,non_match,0,3
1149,7158327#13174650,non_match,0,2
1150,26491787#98430609,non_match,0,1
1151,64323838#3170005,non_match,0,1
1152,50160182#24742825,non_match,0,3
1153,2158913#88957207,non_match,0,3
1154,88924072#11022309,non_match,0,1
1155,3736831#5717009,non_match,0,2
1156,62842391#32701286,match,1,3
1157,47751906#11625823,non_match,0,2
1158,91929224#54829738,non_match,0,2
1159,25877530#30454889,non_match,0,1
1160,50769372#28224541,non_match,0,1
1161,98857946#18915981,non_match,0,1
1162,63928436#13502365,non_match,0,3
1163,12991173#11406200,non_match,0,1
1164,29339493#1741624,non_match,0,2
1165,88168633#66692743,non_match,0,1
1166,48435137#72145468,non_match,0,3
1167,40617635#73315956,non_match,0,1
1168,70702847#88286371,non_match,0,1
1169,1821257#63741667,non_match,0,1
1170,61306190#32885383,non_match,0,2
1171,66810868#23491163,non_match,0,1
1172,48658824#10373250,non_match,0,1
1173,53081061#55031719,non_match,0,3
1174,45633828#31531912,non_match,0,3
1175,10496#33972604,non_match,0,2
1176,68527967#62145678,non_match,0,2
1177,58902636#18922461,match,1,1
1178,55031719#72819377,non_match,0,3
1179,96989593#11427812,non_match,0,1
1180,38818158#77926243,non_match,0,3
1181,29204789#35191236,non_match,0,3
1182,23605781#1329026,non_match,0,3
1183,29929454#25945492,non_match,0,3
1184,1821257#56831449,non_match,0,1
1185,71230660#88168633,match,1,3
1186,7413764#62145678,non_match,0,3
1187,93674071#77492364,non_match,0,3
1188,50769372#48035811,non_match,0,3
1189,51683015#12650660,non_match,0,2
1190,1017836#61869387,non_match,0,2
1191,27074490#23775322,match,1,1
1192,79821099#70403624,match,1,1
1193,82531103#80159309,match,1,3
1194,40876435#32931015,non_match,0,2
1195,11410512#20467137,non_match,0,1
1196,87459276#80725760,match,1,3
1197,31373426#5603029,non_match,0,3
1198,81954319#52948864,non_match,0,3
1199,78223883#87824933,non_match,0,1
1200,76657775#78223883,non_match,0,2
1201,84875057#48430039,match,1,1
1202,20900807#92318972,match,1,1
1203,16327022#29006523,match,1,3
1204,30336988#31803140,match,1,3
1205,12959047#1644190,non_match,0,1
1206,97657130#26301462,non_match,0,3
1207,24494324#8882504,non_match,0,2
1208,10557104#11665937,non_match,0,2
1209,27468857#70665219,non_match,0,3
1210,62368315#47948274,non_match,0,3
1211,619357#32328366,non_match,0,3
1212,55031719#10557104,non_match,0,2
1213,77338417#71957793,non_match,0,3
1214,15306268#62242636,non_match,0,1
1215,69406607#49092761,match,1,3
1216,62578226#35191236,non_match,0,1
1217,8482438#56475885,non_match,0,2
1218,16871572#5938532,non_match,0,1
1219,61195551#18693009,match,1,2
1220,52249526#57298257,non_match,0,1
1221,83013356#96098511,non_match,0,2
1222,54536046#9561888,non_match,0,2
1223,31531912#90806148,non_match,0,3
1224,66053411#38818158,non_match,0,3
1225,11665937#50789754,non_match,0,1
1226,69406607#57534412,non_match,0,2
1227,46987758#87637930,non_match,0,3
1228,79475473#84899710,non_match,0,1
1229,65479901#3957020,non_match,0,3
1230,46100236#20847407,non_match,0,2
1231,29467728#1741624,non_match,0,3
1232,35809370#11665937,non_match,0,3
1233,30419251#50775039,non_match,0,1
1234,18331466#55645397,non_match,0,2
1235,58893463#96888760,non_match,0,1
1236,21469105#23055402,non_match,0,3
1237,27700752#38383881,non_match,0,1
1238,13718289#96677424,non_match,0,3
1239,25945492#10557104,match,1,1
1240,88286371#56619455,non_match,0,3
1241,51810284#15041298,match,1,3
1242,12190772#70291557,non_match,0,1
1243,89961053#41148564,non_match,0,3
1244,52404977#18331466,non_match,0,3
1245,56831449#36040842,match,1,2
1246,31510768#56904801,non_match,0,2
1247,33206318#3170005,non_match,0,3
1248,81954319#59141538,non_match,0,3
1249,70880620#6795966,non_match,0,3
1250,59536106#28284405,non_match,0,1
1251,64511013#71716796,match,1,2
1252,97168711#70100785,match,1,3
1253,52404977#31510768,non_match,0,1
1254,18835729#53081061,non_match,0,2
1255,24791295#88865914,non_match,0,1
1256,96712384#23276195,non_match,0,2
1257,11409646#17465629,non_match,0,3
1258,74972794#41520329,match,1,1
1259,1283491#18147366,non_match,0,2
1260,80159309#30012034,non_match,0,2
1261,73248952#7873500,non_match,0,3
1262,72838471#7383991,match,1,1
1263,25980770#29716234,non_match,0,2
1264,90391225#32885383,non_match,0,3
1265,37955791#97168711,non_match,0,2
1266,54978736#57255527,non_match,0,3
1267,18915981#96989593,non_match,0,2
1268,73315956#34168295,non_match,0,1
1269,93725418#24927054,non_match,0,1
1270,36532408#30674519,non_match,0,2
1271,37254069#53464814,match,1,2
1272,38383881#79558814,non_match,0,3
1273,27843837#86775292,match,1,3
1274,13174650#48305046,non_match,0,1
1275,47388064#97502452,match,1,2
1276,90921158#64536135,non_match,0,2
1277,8343900#96888760,match,1,1
1278,44025931#29685693,match,1,2
1279,68689972#10229909,non_match,0,2
1280,12194096#21044132,match,1,2
1281,35410623#32867763,non_match,0,2
1282,55918296#52490674,non_match,0,3
1283,34583798#84429009,non_match,0,2
1284,62945209#60088869,non_match,0,1
1285,81408609#37387828,non_match,0,2
1286,23007161#77308213,non_match,0,3
1287,18865753#5708838,non_match,0,1
1288,619357#87410064,non_match,0,3
1289,18147366#81439789,non_match,0,1
1290,10737119#93978472,non_match,0,2
1291,82531103#92894304,non_match,0,1
1292,66810868#27700752,non_match,0,3
1293,77220996#96677424,match,1,2
1294,84977888#48435137,non_match,0,3
1295,47431263#74021002,non_match,0,3
1296,66768594#47431263,non_match,0,1
1297,42341716#3223487,non_match,0,3
1298,5603029#48734603,non_match,0,2
1299,27449862#31420404,non_match,0,3
1300,67462269#42604445,non_match,0,2
1301,57298257#98859135,non_match,0,1
1302,18915981#12051271,non_match,0,3
1303,83555610#13502365,non_match,0,1
1304,9951028#9069903,match,1,2
1305,50920560#3167871,non_match,0,3
1306,26237955#3420227,non_match,0,3
1307,70558780#83274921,non_match,0,3
1308,85333987#42516046,non_match,0,3
1309,48521210#88027729,non_match,0,3
1310,7873500#25593960,non_match,0,1
1311,46441935#80103776,match,1,2
1312,28824028#11620368,match,1,3
1313,67318157#29064292,match,1,3
1314,47751906#50944416,non_match,0,2
1315,20467137#88727182,match,1,3
1316,29914496#40116448,non_match,0,3
1317,38071613#87322400,match,1,1
1318,81962548#12164188,non_match,0,3
1319,94739264#51033513,non_match,0,1
1320,59324937#34388814,match,1,1
1321,85887866#48305046,non_match,0,1
1322,4287952#2701835,non_match,0,2
1323,54818129#51823526,match,1,3
1324,48580118#53905543,non_match,0,3
1325,74461011#18666720,match,1,3
1326,81954319#88398980,match,1,2
1327,26491787#35100344,non_match,0,1
1328,562267#97165175,non_match,0,2
1329,47784049#21658813,non_match,0,2
1330,81948691#74021002,match,1,1
1331,39130017#48102422,non_match,0,2
1332,84528711#30102415,non_match,0,2
1333,30212626#30141859,match,1,1
1334,12164188#34583798,match,1,2
1335,35793904#17465629,non_match,0,2
1336,28656579#3889666,match,1,1
1337,68689972#23276195,non_match,0,1
1338,7274546#88027729,match,1,1
1339,28284405#11625823,non_match,0,2
1340,11620368#51823526,non_match,0,3
1341,43904710#38071613,non_match,0,1
1342,50160182#23828624,match,1,2
1343,31803140#52249526,non_match,0,3
1344,96712384#75840459,non_match,0,1
1345,22000442#32701286,non_match,0,1
1346,415992#23007161,match,1,3
1347,37007640#36133874,non_match,0,1
1348,4484537#3024917,non_match,0,1
1349,43189520#82676601,match,1,1
1350,60397145#6721540,match,1,3
1351,20737266#3889666,non_match,0,2
1352,87076936#1017836,non_match,0,1
1353,18147366#48102422,match,1,3
1354,31510768#51810284,non_match,0,3
1355,51946981#41902860,non_match,0,1
1356,53905543#96691496,non_match,0,1
1357,24927054#66191134,non_match,0,2
1358,70269940#6612505,match,1,3
1359,81628037#97940008,non_match,0,3
1360,23351642#62089162,non_match,0,1
1361,76024362#44557157,match,1,2
1362,5964390#22007806,non_match,0,2
1363,5603029#30526558,non_match,0,3
1364,11410512#15678458,non_match,0,2
1365,31558480#45759535,non_match,0,1
1366,28824028#48790334,non_match,0,1
1367,7883208#6403220,non_match,0,1
1368,25135333#38344216,match,1,1
1369,80876204#21658813,non_match,0,2
1370,33206318#55918296,non_match,0,1
1371,49067884#11409646,non_match,0,3
1372,94106554#93978472,non_match,0,1
1373,89323553#3736831,non_match,0,2
1374,2046148#46950967,non_match,0,1
1375,43189520#21670568,non_match,0,2
1376,12291734#81603750,match,1,2
1377,81069691#66625804,non_match,0,3
1378,61787029#96888760,non_match,0,3
1379,31276154#2158913,non_match,0,1
1380,55645397#55157414,non_match,0,3
1381,81408609#62891962,match,1,3
1382,82676601#47251006,non_match,0,1
1383,24557096#18960736,non_match,0,2
1384,29716234#87572356,non_match,0,2
1385,76426260#21469105,match,1,1
1386,79707438#12650660,non_match,0,2
1387,33078108#36295476,match,1,3
1388,36985401#93770909,match,1,3
1389,68874465#75249284,non_match,0,3
1390,5137860#97987485,non_match,0,3
1391,55157414#24742825,non_match,0,3
1392,66053411#54818129,non_match,0,2
1393,64511013#27442156,non_match,0,3
1394,93548558#60624891,non_match,0,1
1395,95671075#74461011,non_match,0,3
1396,52799959#47293324,match,1,2
1397,2491460#1046934,non_match,0,3
1398,41987114#35410623,non_match,0,3
1399,83362334#69866884,non_match,0,1
1400,56831449#12524915,non_match,0,2
1401,33972604#3495669,non_match,0,1
1402,619357#50160182,non_match,0,1
1403,29714425#53660770,non_match,0,1
1404,38546562#91980346,match,1,2
1405,38546562#42516046,non_match,0,1
1406,23491163#93651578,match,1,2
1407,74908666#52490674,non_match,0,3
1408,4287952#16470846,non_match,0,3
1409,87046884#45145764,non_match,0,2
1410,85033463#66437726,non_match,0,3
1411,11022309#55393360,match,1,1
1412,49913390#17103408,match,1,2
1413,39833087#49092761,non_match,0,2
1414,36868284#7488025,non_match,0,2
1415,84438504#27923177,non_match,0,2
1416,87637930#712313,non_match,0,2
1417,49913390#51733905,non_match,0,3
1418,74908666#27700752,non_match,0,1
1419,68173491#84249757,non_match,0,1
1420,50903406#26502310,non_match,0,3
1421,3957020#36295476,non_match,0,3
1422,22000442#64223023,non_match,0,2
1423,21658813#17813216,non_match,0,2
1424,1647419#87824933,non_match,0,3
1425,5312650#38339458,non_match,0,2
1426,57812056#98859135,non_match,0,3
1427,56736608#2314380,non_match,0,3
1428,12761549#84977888,non_match,0,1
1429,37065951#76426260,non_match,0,1
1430,38785326#53660770,match,1,2
1431,66437726#36986473,match,1,1
1432,619357#32885383,non_match,0,2
1433,72125402#31510768,match,1,1
1434,30419251#30143469,match,1,2
1435,86176880#26736430,match,1,1
1436,38785326#51919374,non_match,0,3
1437,830512#62145678,non_match,0,1
1438,1821257#93836358,non_match,0,3
1439,18666720#93978472,non_match,0,2
1440,48293393#12853731,match,1,1
1441,88773659#47146148,match,1,1
1442,9951028#45145764,non_match,0,3
1443,25980770#56676909,non_match,0,2
1444,87637930#74756753,non_match,0,3
1445,20737266#14418390,non_match,0,1
1446,75297744#29914496,non_match,0,3
1447,80725760#55718937,non_match,0,3
1448,38383881#93168786,match,1,2
1449,3736831#13502365,non_match,0,3
1450,77356650#44025931,non_match,0,1
1451,61893255#12991173,non_match,0,2
1452,57337098#47388064,non_match,0,1
1453,97502452#6480791,non_match,0,1
1454,6721540#67318157,non_match,0,1
1455,48658824#56831449,non_match,0,3
1456,38117313#74525970,match,1,1
1457,11620368#81212084,non_match,0,3
1458,70495926#75596485,non_match,0,3
1459,32763428#95251916,match,1,2
1460,82583255#50944416,match,1,1
1461,61893255#6930754,non_match,0,1
1462,81349254#5092599,non_match,0,2
1463,80103776#33972604,non_match,0,2
1464,76569969#14224876,match,1,3
1465,64223023#43904710,non_match,0,1
1466,35100344#30212626,non_match,0,3
1467,61869387#8939620,match,1,1
1468,62242636#95052001,match,1,3
1469,83555610#57255527,non_match,0,3
1470,52993309#46987758,match,1,2
1471,45633828#57255527,non_match,0,1
1472,30502153#48790334,match,1,1
1473,70174967#13718289,non_match,0,3
1474,13142970#70403624,non_match,0,3
1475,27923177#62287971,non_match,0,2
1476,59536106#12761549,match,1,1
1477,80500885#10229909,non_match,0,2
1478,49913390#63000389,match,1,1
1479,61306190#56904801,non_match,0,2
1480,19042808#12650660,match,1,3
1481,31143310#88286371,non_match,0,1
1482,67275979#30212626,non_match,0,1
1483,37865200#64607522,non_match,0,1
1484,93836358#77338417,non_match,0,2
1485,57791020#21044132,non_match,0,3
1486,11149251#24927328,non_match,0,2
1487,6930754#16421267,non_match,0,2
1488,67614478#36040842,non_match,0,1
1489,40617635#34168295,match,1,3
1490,46010816#87459276,non_match,0,2
1491,12959047#84459988,match,1,3
1492,25135333#50944416,non_match,0,2
1493,27843837#1367517,non_match,0,3
1494,62145678#91137581,match,1,1
1495,63016126#9923090,match,1,2
1496,59536106#72314218,non_match,0,1
1497,91137581#26301462,non_match,0,2
1498,68891313#11564664,match,1,1
1499,67275979#29716234,non_match,0,1
1500,86775292#29006523,non_match,0,2
1501,75551932#2687477,match,1,3
1502,27700752#47070583,non_match,0,2
1503,84514463#87459276,non_match,0,3
1504,54818129#516433,non_match,0,2
1505,79148737#95222715,match,1,3
1506,49067884#60638240,non_match,0,1
1507,90945536#6480791,match,1,3
1508,52249526#78223883,match,1,2
1509,87410064#15813840,match,1,1
1510,41704902#81954319,non_match,0,1
1511,7931274#2208630,non_match,0,1
1512,26049981#91980346,non_match,0,2
1513,19042808#4484537,non_match,0,3
1514,68770838#43411151,non_match,0,1
1515,87046884#92704095,match,1,3
1516,35793904#69167600,non_match,0,2
1517,25725051#33078108,non_match,0,3
1518,14639066#95671075,non_match,0,2
1519,26425849#90183159,non_match,0,2
1520,87046884#43409810,non_match,0,1
1521,29167528#39085812,non_match,0,3
1522,91980346#34532774,non_match,0,2
1523,88168633#12750791,non_match,0,2
1524,41987114#32867763,non_match,0,1
1525,95222715#54685720,non_match,0,3
1526,27468857#28603694,match,1,3
1527,3764542#74908666,match,1,2
1528,75799899#49058519,non_match,0,3
1529,24802094#26237955,non_match,0,2
1530,22211135#37007640,non_match,0,1
1531,66625804#48035811,non_match,0,1
1532,63386383#89961053,match,1,2
1533,38447746#31585097,match,1,1
1534,55157414#75840459,non_match,0,2
1535,90795718#47814705,non_match,0,3
1536,43453350#47431263,match,1,2
1537,77117519#31247528,match,1,3
1538,87281733#98430609,non_match,0,2
1539,24284489#32979461,non_match,0,1
1540,67556867#12432797,non_match,0,3
1541,12890760#26009855,non_match,0,1
1542,83724071#29064292,non_match,0,3
1543,10214898#71716796,non_match,0,3
1544,61195551#70159856,non_match,0,1
1545,35191236#18874158,non_match,0,2
1546,45145764#21463573,match,1,2
1547,43932865#36803847,non_match,0,3
1548,40208952#48138837,non_match,0,2
1549,7979158#62318417,non_match,0,1
1550,54500223#78196838,match,1,1
1551,21963707#1046934,match,1,1
1552,48430039#66191134,non_match,0,3
1553,54829738#30336988,non_match,0,3
1554,7979158#12032039,non_match,0,2
1555,35191236#80102860,non_match,0,1
1556,36532408#49058519,non_match,0,1
1557,47146148#17813216,non_match,0,3
1558,96712384#70291557,non_match,0,2
1559,34746615#56904801,match,1,3
1560,93978472#74461011,non_match,0,2
1561,24557096#80963811,match,1,1
1562,61195551#15267149,non_match,0,1
1563,91126559#68173491,non_match,0,1
1564,46809516#21044132,non_match,0,1
1565,12524915#54536046,non_match,0,2
1566,22109936#3807651,non_match,0,1
1567,94106554#80876204,non_match,0,2
1568,12432797#32931015,non_match,0,1
1569,8994298#43481409,non_match,0,2
1570,34168295#87281733,non_match,0,3
1571,48484532#9748896,non_match,0,2
1572,16785446#61893255,non_match,0,1
1573,8315719#45145764,non_match,0,2
1574,17172533#97940008,non_match,0,3
1575,70174967#9016004,non_match,0,3
1576,30502153#87317188,non_match,0,1
1577,1647419#17681625,non_match,0,1
1578,32413380#62145678,non_match,0,1
1579,13253151#70986060,non_match,0,3
1580,22422851#12750791,match,1,3
1581,14639066#27923177,non_match,0,3
1582,41530379#93651578,non_match,0,3
1583,69918467#52356483,non_match,0,3
1584,58893463#9069903,non_match,0,2
1585,38447746#21075521,non_match,0,3
1586,51400506#15678458,non_match,0,1
1587,97634734#33078108,non_match,0,3
1588,74490598#21755591,non_match,0,1
1589,1017836#77969198,non_match,0,3
1590,55037683#59141538,non_match,0,3
1591,37065951#89258775,non_match,0,3
1592,40116448#75384375,non_match,0,2
1593,57082229#94739264,non_match,0,1
1594,92858368#67614478,match,1,3
1595,81954319#21963707,non_match,0,3
1596,40764402#38339458,match,1,1
1597,84821763#68891313,non_match,0,1
1598,68731207#64323838,non_match,0,1
1599,1329026#9513553,non_match,0,2
1600,46578488#57534412,non_match,0,1
1601,12524915#61786686,match,1,3
1602,50278024#75799899,match,1,1
1603,23007161#10229909,non_match,0,3
1604,10214898#64511013,non_match,0,1
1605,35191236#90391225,non_match,0,1
1606,61195551#10229909,non_match,0,1
1607,20737266#8882504,non_match,0,3
1608,75596485#87317188,non_match,0,2
1609,6480791#30674519,non_match,0,1
1610,83592973#36133874,match,1,1
1611,57791020#9923090,non_match,0,3
1612,55645397#29914496,non_match,0,3
1613,33365078#92704095,non_match,0,3
1614,78504458#47200708,non_match,0,1
1615,2491460#75249284,match,1,1
1616,47070583#16529934,non_match,0,1
1617,57298257#20456341,non_match,0,2
1618,35759560#87281733,non_match,0,3
1619,4484537#16871572,non_match,0,1
1620,81212084#41520329,non_match,0,2
1621,98793471#85887866,non_match,0,1
1622,59585994#37007640,non_match,0,2
1623,11708101#45313699,non_match,0,3
1624,43742368#13718289,non_match,0,1
1625,20456341#1136383,non_match,0,1
1626,39417365#72558082,match,1,2
1627,72314218#562267,non_match,0,1
1628,50903406#70986060,non_match,0,3
1629,81524454#15168588,non_match,0,1
1630,54500223#49810009,non_match,0,2
1631,56603137#5030809,match,1,1
1632,76497591#81356812,non_match,0,1
1633,11763693#12109505,match,1,1
1634,33972604#79625472,non_match,0,3
1635,17282907#27700752,non_match,0,2
1636,77220996#23055402,non_match,0,3
1637,58599683#6800809,match,1,1
1638,21044132#33365078,non_match,0,3
1639,54377216#64511013,non_match,0,1
1640,71490927#81349254,match,1,2
1641,19462081#80963811,non_match,0,2
1642,81069691#96888760,match,1,3
1643,77969198#97396039,non_match,0,1
1644,5964390#48102422,non_match,0,1
1645,62368315#35978749,match,1,1
1646,75132289#17103408,match,1,2
1647,15787372#43006963,non_match,0,1
1648,60638240#25135333,non_match,0,3
1649,53426556#149175,match,1,1
1650,47293324#19006949,non_match,0,2
1651,45014189#23351642,match,1,1
1652,70100785#29929454,non_match,0,3
1653,97112728#96712384,non_match,0,3
1654,16958158#60088869,non_match,0,2
1655,30675144#83724071,non_match,0,3
1656,2965203#63741667,non_match,0,1
1657,37439609#41530379,non_match,0,3
1658,75462645#21075521,non_match,0,2
1659,516433#2491460,non_match,0,3
1660,36499924#12432797,non_match,0,3
1661,4484537#96279287,non_match,0,3
1662,14128915#18567164,match,1,1
1663,8315719#26425849,non_match,0,1
1664,46578488#44884689,match,1,3
1665,37387828#51033513,match,1,3
1666,41182463#8174351,non_match,0,2
1667,35759560#7979158,non_match,0,2
1668,20847407#41191422,non_match,0,1
1669,10737119#30454889,non_match,0,3
1670,13887167#54377216,non_match,0,1
1671,12432797#88027729,non_match,0,2
1672,51810284#12750791,non_match,0,3
1673,53081061#95282914,non_match,0,3
1674,33671496#98241359,non_match,0,2
1675,12051271#53521572,non_match,0,1
1676,1329026#66564908,non_match,0,1
1677,16154426#41148564,match,1,3
1678,51400506#50789754,non_match,0,3
1679,21044132#38823136,non_match,0,2
1680,48138837#11676180,non_match,0,1
1681,56034511#81962548,non_match,0,2
1682,9232364#1136383,non_match,0,2
1683,12110339#59141538,non_match,0,3
1684,56383083#54798530,match,1,2
1685,22422851#97112728,non_match,0,2
1686,11022309#80086981,non_match,0,2
1687,43876521#38344216,non_match,0,2
1688,12772810#89243104,match,1,3
1689,70558780#31886989,non_match,0,3
1690,70986060#37065951,match,1,3
1691,56619455#61787029,match,1,1
1692,12615558#78504449,non_match,0,1
1693,29714425#23491163,non_match,0,1
1694,74021002#20152457,non_match,0,3
1695,73248952#45880639,match,1,1
1696,35424032#11199708,non_match,0,3
1697,43006963#57534412,non_match,0,3
1698,12890760#78504458,match,1,3
1699,23605781#66564908,non_match,0,2
1700,8994298#14576497,non_match,0,3
1701,80753512#74722865,non_match,0,1
1702,45633828#66437726,non_match,0,2
1703,66680332#29167528,non_match,0,1
1704,44141044#32931015,non_match,0,3
1705,64029523#55031719,non_match,0,1
1706,81408609#12650660,non_match,0,2
1707,17869090#66652299,non_match,0,3
1708,88727182#73194223,non_match,0,3
1709,32931015#28656579,non_match,0,2
1710,7437957#65953977,non_match,0,2
1711,9232364#18500821,non_match,0,1
1712,2282686#45759535,non_match,0,1
1713,149175#22992322,non_match,0,2
1714,46741147#86924416,non_match,0,3
1715,7873500#93094504,non_match,0,2
1716,21924094#29929454,match,1,3
1717,85887866#76426260,non_match,0,2
1718,90603941#5137860,non_match,0,2
1719,64536135#24052138,match,1,1
1720,56603137#18327954,non_match,0,1
1721,37065951#12164188,non_match,0,1
1722,65479901#21924094,non_match,0,1
1723,18331466#50920560,match,1,3
1724,47317909#29167528,non_match,0,2
1725,13502365#78196838,non_match,0,2
1726,1237125#16403660,non_match,0,1
1727,36803847#48484532,match,1,3
1728,98241359#80086981,match,1,1
1729,66129710#87322400,non_match,0,1
1730,41253009#40208952,match,1,1
1731,35424032#11708101,match,1,2
1732,47948274#12615558,non_match,0,1
1733,50005399#16403660,non_match,0,2
1734,26491787#25025467,non_match,0,2
1735,18147366#830512,non_match,0,2
1736,75132289#49913390,match,1,2
1737,76497591#19462081,match,1,2
1738,25025467#45946412,match,1,1
1739,17465629#79334302,non_match,0,3
1740,18567164#15448834,non_match,0,2
1741,17172533#42604445,non_match,0,2
1742,60392051#68142605,match,1,3
1743,56064924#7873500,non_match,0,2
1744,1644190#35978749,non_match,0,3
1745,90391225#7020103,non_match,0,3
1746,73248952#74927976,match,1,1
1747,11625823#33206318,non_match,0,2
1748,95671075#34402785,match,1,1
1749,56603137#31886989,non_match,0,1
1750,5964390#83362334,non_match,0,2
1751,18567164#16154426,non_match,0,1
1752,24927328#31510768,non_match,0,2
1753,43481409#1329026,non_match,0,2
1754,81439789#53426556,non_match,0,1
1755,50903406#13253151,match,1,3
1756,76157897#28465006,non_match,0,2
1757,13887167#27021728,non_match,0,3
1758,28224541#56034511,non_match,0,2
1759,7020103#28224541,match,1,2
1760,53905543#63984980,non_match,0,2
1761,47431263#54818129,non_match,0,3
1762,3807651#61201533,match,1,3
1763,1781011#6403220,match,1,2
1764,6020197#62242632,non_match,0,1
1765,43006963#18500821,non_match,0,3
1766,61794834#1515409,non_match,0,2
1767,42779659#87317188,match,1,2
1768,75431386#24224044,non_match,0,1
1769,47613152#75431386,non_match,0,3
1770,3447561#45946412,non_match,0,3
1771,34259452#23007161,non_match,0,2
1772,8994298#58755004,non_match,0,1
1773,25025467#45145764,non_match,0,1
1774,75255299#2024149,non_match,0,3
1775,3495669#81870804,match,1,3
1776,47948274#84899710,non_match,0,1
1777,48430039#68731207,non_match,0,1
1778,37065951#54214061,non_match,0,3
1779,44557157#79415655,non_match,0,1
1780,57082229#55031719,match,1,2
1781,71555853#96384448,non_match,0,2
1782,35424032#18500821,non_match,0,2
1783,53451198#63741667,match,1,2
1784,34532774#65827191,match,1,2
1785,17282907#3495669,non_match,0,1
1786,42779659#64518758,non_match,0,1
1787,12650660#81962548,non_match,0,3
1788,49605449#15041298,non_match,0,2
1789,81920536#94512766,non_match,0,2
1790,53426556#98793471,non_match,0,1
1791,8994298#56619455,non_match,0,2
1792,9232364#15880732,non_match,0,2
1793,56574761#21506250,match,1,3
1794,31276154#18567164,match,1,2
1795,30007794#10737119,match,1,3
1796,6800809#47784049,non_match,0,3
1797,45946412#38344216,non_match,0,3
1798,92318972#29339493,non_match,0,1
1799,49678723#43932865,match,1,1
1800,36868284#81239989,non_match,0,2
1801,21463573#46987758,non_match,0,1
1802,66047716#47613152,match,1,2
1803,91625850#22563019,non_match,0,2
1804,27429904#77356650,non_match,0,1
1805,62578226#53641305,non_match,0,2
1806,80725760#48169914,non_match,0,2
1807,81069691#55037683,non_match,0,2
1808,16871572#58970863,non_match,0,1
1809,14576497#3170005,non_match,0,2
1810,55393360#83274921,non_match,0,2
1811,30212626#41191422,non_match,0,3
1812,31585097#26736430,non_match,0,1
1813,87137236#5717009,non_match,0,1
1814,18862066#91126559,non_match,0,1
1815,37865200#79625472,non_match,0,1
1816,66437726#89243104,non_match,0,1
1817,3420227#47282882,non_match,0,2
1818,42341716#97547150,non_match,0,2
1819,619357#15648,non_match,0,3
1820,97657130#26736430,non_match,0,2
1821,87046884#11199708,non_match,0,2
1822,72819377#13238453,non_match,0,2
1823,38447746#38339458,non_match,0,3
1824,31276154#14128915,match,1,3
1825,93978472#41704902,non_match,0,1
1826,83152267#48169914,non_match,0,2
1827,11410512#19248199,non_match,0,1
1828,56619455#29825517,non_match,0,3
1829,34301207#66768594,non_match,0,2
1830,75297744#23276195,non_match,0,1
1831,27442156#29914496,non_match,0,3
1832,11542304#39085812,match,1,1
1833,98241359#7737233,non_match,0,1
1834,27166337#81954319,non_match,0,1
1835,43453350#52993309,non_match,0,3
1836,63479109#67614478,non_match,0,1
1837,12389785#38447746,non_match,0,2
1838,11564664#98241359,non_match,0,1
1839,9862290#12110339,non_match,0,2
1840,71290070#31149803,non_match,0,1
1841,21122556#46246978,non_match,0,2
1842,48521210#70880620,non_match,0,1
1843,14628836#15168588,match,1,3
1844,49913390#7488025,non_match,0,3
1845,52425202#81948691,non_match,0,3
1846,81351830#5137860,match,1,3
1847,74659398#46441935,non_match,0,3
1848,88865914#27449862,non_match,0,3
1849,8315719#89102922,non_match,0,2
1850,93725418#79821099,non_match,0,3
1851,88855243#24561369,non_match,0,2
1852,62274139#63899324,non_match,0,2
1853,41902860#56383083,non_match,0,2
1854,61195551#40617635,non_match,0,3
1855,51733905#31276154,non_match,0,3
1856,88398980#88773659,non_match,0,3
1857,47814705#31247528,non_match,0,3
1858,95222715#83013356,non_match,0,3
1859,12176070#31803140,non_match,0,1
1860,26502310#81920536,non_match,0,2
1861,21469105#7717624,non_match,0,1
1862,4484537#75157949,non_match,0,1
1863,66680332#45313699,non_match,0,1
1864,57083116#56064924,non_match,0,1
1865,10999896#69996428,match,1,2
1866,5717009#13502365,match,1,1
1867,54500223#52425202,non_match,0,3
1868,69236418#5938532,non_match,0,2
1869,3420227#60624891,match,1,2
1870,24360041#44557157,non_match,0,2
1871,56475885#12959047,non_match,0,3
1872,10719102#16785446,match,1,1
1873,73248952#42516046,match,1,3
1874,21963707#3167871,non_match,0,2
1875,84249757#76569969,match,1,1
1876,48138837#76569969,non_match,0,2
1877,75297744#18693009,non_match,0,1
1878,97634734#36295476,non_match,0,2
1879,55393360#6930754,non_match,0,1
1880,95282914#27195828,non_match,0,3
1881,22109936#73315956,non_match,0,3
1882,49810009#54377216,non_match,0,3
1883,95282914#63984980,non_match,0,3
1884,41485546#12176070,non_match,0,2
1885,54685720#37862083,non_match,0,1
1886,75596485#86775292,non_match,0,1
1887,29064292#51683015,non_match,0,1
1888,38823136#81954319,non_match,0,3
1889,51400506#53905543,non_match,0,3
1890,17282907#56904801,non_match,0,3
1891,6020197#61964427,non_match,0,3
1892,13887167#51909448,non_match,0,3
1893,73591660#44141044,non_match,0,1
1894,71490927#34583798,non_match,0,2
1895,18666720#96098511,non_match,0,1
1896,11149251#34532774,non_match,0,3
1897,75384375#19949293,non_match,0,3
1898,87572356#79788718,match,1,1
1899,71230660#10719102,non_match,0,3
1900,1136383#41520329,non_match,0,2
1901,78196838#38071613,non_match,0,1
1902,30102415#30674519,non_match,0,1
1903,44557157#84429009,non_match,0,2
1904,75749012#77094922,non_match,0,2
1905,56574761#3764542,non_match,0,1
1906,15678458#24927328,match,1,3
1907,79788718#62842391,non_match,0,3
1908,24574240#62242636,non_match,0,1
1909,11149251#52425202,non_match,0,3
1910,87259085#18456007,non_match,0,1
1911,26301462#14519075,non_match,0,1
1912,12432797#32885383,non_match,0,1
1913,47200708#90806148,non_match,0,2
1914,84899710#60392051,non_match,0,1
1915,61195551#1017836,non_match,0,1
1916,82090972#52992150,non_match,0,2
1917,34689442#2208630,non_match,0,1
1918,14576497#45946412,non_match,0,1
1919,27468857#39085812,non_match,0,1
1920,64607522#62242632,non_match,0,2
1921,37955791#41485546,non_match,0,1
1922,57255527#2392632,match,1,3
1923,64607522#91625850,match,1,3
1924,58599683#71716796,non_match,0,2
1925,416796#56475885,match,1,3
1926,12890760#50278024,non_match,0,3
1927,74659398#14224876,non_match,0,1
1928,29204789#65655694,match,1,2
1929,57082229#88031640,non_match,0,1
1930,1781011#415992,non_match,0,3
1931,2392632#80876204,non_match,0,3
1932,2965203#11763693,non_match,0,2
1933,1130275#55037683,match,1,2
1934,27429904#3420227,non_match,0,2
1935,8298432#46246978,non_match,0,1
1936,830512#9767156,non_match,0,3
1937,85333987#32328366,non_match,0,3
1938,20152457#88855243,non_match,0,2
1939,68142605#96888760,non_match,0,3
1940,13174650#53521572,match,1,1
1941,16871572#74722865,non_match,0,1
1942,55037683#18862066,non_match,0,3
1943,79625472#149175,non_match,0,1
1944,35424032#48305046,non_match,0,2
1945,93033011#30454889,non_match,0,1
1946,74756753#45145764,match,1,2
1947,45313699#80102860,non_match,0,2
1948,4284864#53905543,non_match,0,3
1949,4287952#77146001,non_match,0,2
1950,13718289#70665219,match,1,2
1951,83211359#31886989,match,1,1
1952,74722865#66652299,non_match,0,1
1953,62242632#17128193,non_match,0,3
1954,84249757#2952392,non_match,0,3
1955,62368315#40357787,non_match,0,1
1956,8939620#18666720,non_match,0,1
1957,15306268#6930754,non_match,0,2
1958,33653915#27043300,match,1,2
1959,15787372#22992322,match,1,2
1960,40521037#93674071,non_match,0,2
1961,18500821#52799959,non_match,0,3
1962,63386383#61786686,non_match,0,1
1963,70269940#41234714,non_match,0,2
1964,14128915#2158913,match,1,3
1965,90921158#13887167,match,1,2
1966,12032039#45014189,non_match,0,2
1967,38447746#3889666,non_match,0,1
1968,64692163#49092761,non_match,0,1
1969,7383990#97168711,non_match,0,3
1970,70403624#64016107,non_match,0,3
1971,36022457#88773659,non_match,0,3
1972,29914496#20060104,non_match,0,2
1973,32904204#98124674,non_match,0,2
1974,64029523#27074490,non_match,0,2
1975,43411151#92858368,non_match,0,1
1976,41902860#43904710,non_match,0,2
1977,23828624#60571140,non_match,0,2
1978,67028945#50278024,match,1,1
1979,6020197#68874465,match,1,2
1980,27700752#96279287,non_match,0,1
1981,56459937#51400506,match,1,1
1982,62891962#36985401,non_match,0,3
1983,5964390#59324937,non_match,0,1
1984,31803140#50005399,non_match,0,2
1985,96888760#93651578,non_match,0,2
1986,24224044#74659398,non_match,0,2
1987,416796#45014189,non_match,0,1
1988,79148737#54685720,non_match,0,3
1989,8994298#12524915,non_match,0,3
1990,69918467#71555853,match,1,1
1991,52249526#23775322,non_match,0,1
1992,52356483#91126559,match,1,2
1993,88730603#12772810,non_match,0,1
1994,73591660#64351459,non_match,0,3
1995,98124674#18327954,match,1,3
1996,36532408#98857946,non_match,0,1
1997,50007186#33972604,match,1,3
1998,79232921#53426556,non_match,0,2
1999,97535509#12110339,non_match,0,1
2000,3764542#53737120,match,1,1
2001,56676909#91929224,non_match,0,1
2002,18289538#14345451,non_match,0,3
2003,21463573#25945492,non_match,0,1
2004,33671496#7737233,match,1,3
2005,64029523#97165175,non_match,0,2
2006,89323553#95222715,non_match,0,1
2007,9513553#18480165,match,1,2
2008,70702847#712313,non_match,0,1
2009,712313#48791418,match,1,3
2010,31247528#11427812,non_match,0,3
2011,64607522#8174351,non_match,0,1
2012,415992#71230660,non_match,0,3
2013,93725418#70403624,non_match,0,3
2014,96636315#7871753,non_match,0,3
2015,83724071#20145574,non_match,0,1
2016,516433#64003605,non_match,0,1
2017,22563019#79707438,non_match,0,1
2018,79707438#20456341,non_match,0,1
2019,2952392#23828624,non_match,0,1
2020,81948691#4287952,non_match,0,3
2021,61787029#54536046,non_match,0,2
2022,84459988#56475885,non_match,0,2
2023,75840459#44557157,non_match,0,1
2024,24927054#51946981,non_match,0,1
2025,81351830#75384375,non_match,0,1
2026,69167600#3024917,match,1,1
2027,27442156#10214898,match,1,1
2028,96384448#10385523,non_match,0,2
2029,21963707#11676180,non_match,0,1
2030,59585994#12194096,non_match,0,3
2031,24224044#77308213,non_match,0,1
2032,54829738#84438504,non_match,0,3
2033,82676601#32979461,non_match,0,2
2034,51919374#36986473,non_match,0,3
2035,6800809#26502310,non_match,0,2
2036,93033011#30674519,non_match,0,1
2037,90921158#26425849,non_match,0,3
2038,26237955#27700752,match,1,2
2039,30012034#10557104,non_match,0,3
2040,32979461#1237125,match,1,1
2041,53464814#58763783,non_match,0,3
2042,66768594#73194223,non_match,0,3
2043,87637930#16871572,non_match,0,1
2044,47146148#36022457,non_match,0,2
2045,68527967#2491460,non_match,0,1
2046,77969198#19248199,non_match,0,1
2047,48521210#9748896,non_match,0,1
2048,44884689#21075521,non_match,0,1
2049,63741667#9513553,non_match,0,2
2050,97396039#60392051,non_match,0,2
2051,48734603#5708838,non_match,0,3
2052,62422382#6403220,non_match,0,2
2053,64223023#22685310,non_match,0,3
2054,96037332#78504449,non_match,0,1
2055,87137236#11625823,match,1,1
2056,26786850#35410623,match,1,3
2057,42181153#11406200,non_match,0,2
2058,84249757#65953977,non_match,0,1
2059,24574240#40357787,non_match,0,2
2060,60397145#86924416,non_match,0,3
2061,53737120#7274546,non_match,0,3
2062,98600039#27429904,non_match,0,3
2063,82090972#67614478,match,1,1
2064,83362334#13024596,non_match,0,1
2065,19411291#49058519,non_match,0,2
2066,3447561#93725418,match,1,1
2067,21463573#77020269,non_match,0,3
2068,87137236#15880732,non_match,0,1
2069,51919374#75462645,match,1,2
2070,34583798#83592973,non_match,0,3
2071,81239989#8939620,non_match,0,3
2072,10937592#15267149,match,1,3
2073,6480791#18960736,non_match,0,3
2074,94739264#40845396,non_match,0,2
2075,149175#5312650,non_match,0,1
2076,18874158#22685310,non_match,0,2
2077,56736608#8343900,non_match,0,3
2078,84429009#98793471,non_match,0,2
2079,29685693#79334302,non_match,0,1
2080,8565641#76497591,non_match,0,1
2081,53072167#64003605,non_match,0,3
2082,5092599#96636315,match,1,1
2083,7274546#7931274,non_match,0,2
2084,52490674#82830386,match,1,3
2085,5137860#62807515,non_match,0,1
2086,90806148#31420404,non_match,0,2
2087,66810868#26237955,non_match,0,1
2088,10496#30102088,match,1,2
2089,22109936#16855766,non_match,0,1
2090,34259452#6978466,non_match,0,1
2091,54818129#75249284,non_match,0,2
2092,12650660#50156673,non_match,0,3
2093,79558814#48435137,non_match,0,3
2094,40208952#45145764,non_match,0,1
2095,78504458#31585097,non_match,0,3
2096,79232921#51909448,non_match,0,3
2097,95282914#7871753,non_match,0,1
2098,74461011#52425202,non_match,0,3
2099,68173491#19102781,match,1,1
2100,41456801#42516046,non_match,0,3
2101,48790334#10373250,non_match,0,2
2102,3807651#29914496,non_match,0,2
2103,21075521#21506250,non_match,0,3
2104,51919374#74021002,non_match,0,1
2105,69167600#68891313,non_match,0,1
2106,43876521#46246978,non_match,0,2
2107,60571140#84528711,non_match,0,1
2108,34073206#33622216,non_match,0,3
2109,40617635#76157897,non_match,0,1
2110,79625472#47389275,non_match,0,2
2111,26736430#18567164,non_match,0,1
2112,61066243#14345451,non_match,0,3
2113,26049981#16421267,non_match,0,2
2114,23211539#30526558,match,1,1
2115,57337098#47948274,match,1,3
2116,38693547#73194223,match,1,2
2117,52992150#31177984,non_match,0,2
2118,57812056#18137846,non_match,0,1
2119,29929454#7574514,non_match,0,3
2120,65655694#58755004,non_match,0,2
2121,63386383#88398980,non_match,0,2
2122,14654897#1329026,non_match,0,3
2123,7574514#57791020,non_match,0,1
2124,41867761#25725051,non_match,0,1
2125,27074490#48430039,non_match,0,1
2126,45313699#79334302,non_match,0,1
2127,7737233#64351459,non_match,0,2
2128,58902636#95052001,non_match,0,1
2129,41182463#97112728,match,1,2
2130,3495669#42210935,non_match,0,2
2131,24284489#5717009,non_match,0,1
2132,7383991#56603137,non_match,0,3
2133,16154426#22000442,non_match,0,3
2134,1644190#28129178,non_match,0,2
2135,16327022#15725521,non_match,0,3
2136,7158327#65028129,non_match,0,1
2137,34168295#73180792,non_match,0,3
2138,23757092#60571140,match,1,3
2139,49127797#17629924,non_match,0,3
2140,88031640#93548558,non_match,0,1
2141,61893255#6236857,match,1,2
2142,52992150#72819377,match,1,2
2143,76024362#53641305,non_match,0,2
2144,3764542#12032039,non_match,0,3
2145,53072167#11410512,match,1,1
2146,93674071#5603029,non_match,0,2
2147,24574240#95052001,non_match,0,2
2148,83992680#69406607,non_match,0,2
2149,90916504#71555853,non_match,0,2
2150,90391225#98857946,match,1,2
2151,37439609#3223487,non_match,0,3
2152,17629924#10719102,non_match,0,3
2153,27021728#87259085,non_match,0,1
2154,91980346#18960736,non_match,0,2
2155,21963707#66437726,non_match,0,2
2156,8882504#75255299,match,1,1
2157,7180445#87322400,non_match,0,2
2158,43932865#32413380,non_match,0,2
2159,5519409#52799959,non_match,0,3
2160,77492364#96889697,non_match,0,2
2161,84429009#80529811,non_match,0,2
2162,29339493#42779659,non_match,0,2
2163,12850168#6721540,non_match,0,3
2164,8281130#47814705,match,1,2
2165,19006949#47282882,non_match,0,2
2166,3348619#50156673,non_match,0,2
2167,92318972#86924416,non_match,0,3
2168,25593960#30141859,non_match,0,2
2169,52993309#74756753,non_match,0,2
2170,36985401#81408609,non_match,0,3
2171,7717624#90603941,non_match,0,1
2172,38344216#50944416,non_match,0,1
2173,97634734#24494324,non_match,0,2
2174,78196838#68731207,match,1,2
2175,4486003#15306268,non_match,0,3
2176,82531103#18915981,match,1,3
2177,78196838#7021169,non_match,0,2
2178,16529934#55393360,non_match,0,2
2179,95781094#13887167,non_match,0,1
2180,98554509#75749012,match,1,3
2181,72314218#93548558,non_match,0,2
2182,66680332#7158327,non_match,0,1
2183,80086981#72819377,non_match,0,3
2184,39417365#4284864,non_match,0,2
2185,15813840#47818268,non_match,0,3
2186,40521037#96037332,match,1,1
2187,20145574#22211135,match,1,2
2188,62807515#65479901,match,1,1
2189,46809516#67028945,match,1,1
2190,32885383#38693547,non_match,0,2
2191,47251006#82090972,non_match,0,2
2192,53451198#48293393,non_match,0,1
2193,8482438#27429904,non_match,0,3
2194,56619455#87998765,non_match,0,2
2195,18289538#62242632,match,1,3
2196,18666720#53072167,non_match,0,1
2197,415992#24351127,non_match,0,3
2198,91717987#95251916,non_match,0,3
2199,27442156#63513295,non_match,0,1
2200,89814977#54550733,match,1,1
2201,7383990#78989521,match,1,1
2202,30212626#87076936,non_match,0,1
2203,6480791#2046148,non_match,0,2
2204,35809370#12190772,non_match,0,3
2205,18331466#15787372,non_match,0,3
2206,89243104#29467728,non_match,0,2
2207,77094922#24927054,non_match,0,3
2208,11409646#12110339,non_match,0,3
2209,32904204#29064292,non_match,0,3
2210,44763957#80529811,non_match,0,2
2211,91126559#1741624,non_match,0,3
2212,43742368#15306268,non_match,0,3
2213,47200708#45633828,match,1,2
2214,75462645#47282882,non_match,0,2
2215,23828624#23211539,non_match,0,1
2216,6978466#25980770,non_match,0,2
2217,58970863#93094504,non_match,0,2
2218,24494324#28224541,non_match,0,2
2219,56884127#66129710,non_match,0,3
2220,48734649#70331081,non_match,0,2
2221,61794834#39130017,non_match,0,2
2222,66692743#18137846,non_match,0,3
2223,12127235#3762458,non_match,0,2
2224,59585994#10557104,non_match,0,3
2225,50944416#8882504,non_match,0,1
2226,45001854#24574240,non_match,0,1
2227,21963707#77926243,non_match,0,2
2228,81962548#41191422,non_match,0,1
2229,41456801#79707438,match,1,2
2230,65655694#64323838,non_match,0,3
2231,63984980#23211539,non_match,0,1
2232,629096#21463573,non_match,0,1
2233,80500885#11542304,non_match,0,1
2234,35469349#19949293,match,1,3
2235,17128193#46950967,match,1,1
2236,24224044#57791020,non_match,0,1
2237,63984980#38552937,non_match,0,1
2238,11199708#24360041,match,1,2
2239,41987114#77020269,match,1,3
2240,62945209#15648,match,1,3
2241,75255299#27442156,non_match,0,1
2242,58902636#84429009,non_match,0,3
2243,45001854#33671496,non_match,0,2
2244,2491460#88855243,non_match,0,2
2245,7736538#2701835,non_match,0,1
2246,74722865#25980770,match,1,2
2247,97940008#71716796,non_match,0,1
2248,77969198#10937592,non_match,0,2
2249,47293324#9232364,non_match,0,1
2250,63984980#31177984,match,1,3
2251,18666720#52404977,non_match,0,3
2252,80103776#29553137,non_match,0,2
2253,29714425#55136447,non_match,0,1
2254,54550733#34073206,non_match,0,1
2255,81439789#23605781,match,1,2
2256,96989593#16958158,match,1,2
2257,6236857#18922461,non_match,0,1
2258,48790334#22685310,non_match,0,3
2259,96098511#29553137,non_match,0,1
2260,31558480#17681625,non_match,0,1
2261,43742368#70174967,non_match,0,2
2262,50005399#29064292,non_match,0,3
2263,24557096#90945536,non_match,0,3
2264,81424577#61306190,non_match,0,2
2265,75551932#12190772,non_match,0,1
2266,58755004#88727182,non_match,0,2
2267,3598671#416796,non_match,0,1
2268,74021002#26009855,non_match,0,2
2269,10737119#3889666,non_match,0,2
2270,47251006#26237955,non_match,0,3
2271,3957020#21044132,non_match,0,2
2272,41867761#8565641,non_match,0,3
2273,11199708#43409810,non_match,0,3
2274,97502452#17128193,non_match,0,2
2275,23276195#81962548,non_match,0,2
2276,46578488#8882504,non_match,0,1
2277,21075521#21963707,non_match,0,2
2278,54550733#93168786,non_match,0,1
2279,70331081#52799959,non_match,0,2
2280,95671075#86176880,non_match,0,2
2281,92318972#93168786,non_match,0,2
2282,41456801#9862290,non_match,0,3
2283,87637930#7437957,non_match,0,1
2284,76157897#98554509,non_match,0,1
2285,14345451#61201533,non_match,0,2
2286,66047716#40876435,non_match,0,3
2287,36499924#18865753,non_match,0,2
2288,31803140#22685310,non_match,0,2
2289,79558814#37865200,match,1,3
2290,4287952#31143310,non_match,0,3
2291,55718937#37065951,non_match,0,3
2292,40845396#24802094,non_match,0,3
2293,78223883#47818268,non_match,0,2
2294,32763428#43006963,non_match,0,3
2295,47251006#12850168,match,1,3
2296,43411151#68891313,non_match,0,2
2297,97987485#53641305,match,1,1
2298,62089162#15880732,non_match,0,1
2299,44483408#40845396,non_match,0,1
2300,18835729#56884127,match,1,1
2301,15648#18865753,non_match,0,1
2302,36425270#3736831,non_match,0,2
2303,97165175#12127235,match,1,3
2304,49127797#30336988,non_match,0,2
2305,24927054#26491787,non_match,0,3
2306,46246978#66680332,non_match,0,3
2307,83992680#24574240,non_match,0,1
2308,87572356#71290070,non_match,0,2
2309,46100236#38117313,non_match,0,1
2310,2282686#34073206,non_match,0,2
2311,31585097#67318157,non_match,0,1
2312,97035417#18865753,match,1,1
2313,88957207#51733905,match,1,3
2314,7180445#57141050,match,1,2
2315,11542304#34073206,non_match,0,2
2316,62145678#11022309,non_match,0,1
2317,91126559#90183159,non_match,0,1
2318,92318972#24802094,non_match,0,1
2319,43411151#13238453,match,1,1
2320,43409810#49066670,match,1,1
2321,81628037#14224876,non_match,0,1
2322,71957793#85333987,non_match,0,2
2323,64016107#22000442,match,1,2
2324,21755591#53081061,non_match,0,3
2325,56736608#47388064,non_match,0,1
2326,14576497#6721540,non_match,0,1
2327,5092599#65028129,non_match,0,1
2328,35100344#49058519,non_match,0,2
2329,48169914#52948864,non_match,0,1
2330,1046934#11676180,non_match,0,1
2331,4284864#48580118,match,1,1
2332,2046148#57534412,match,1,3
2333,7158327#72819377,non_match,0,3
2334,66191134#43006963,match,1,2
2335,7383990#54214061,non_match,0,3
2336,1237125#47388064,non_match,0,1
2337,87998765#29204789,non_match,0,3
2338,79334302#4486003,non_match,0,3
2339,22000442#22770211,non_match,0,1
2340,10999896#3762458,non_match,0,2
2341,76024362#80529811,non_match,0,2
2342,83418921#5938532,non_match,0,1
2343,97168711#41485546,non_match,0,1
2344,61868905#26491787,non_match,0,2
2345,5938532#27021728,non_match,0,3
2346,75749012#56383083,non_match,0,2
2347,61154808#3736831,match,1,2
2348,80963811#3807651,non_match,0,2
2349,54500223#48580118,non_match,0,1
2350,70269940#5312650,non_match,0,1
2351,61787029#30336988,non_match,0,2
2352,19248199#70159856,match,1,3
2353,11542304#61964427,non_match,0,3
2354,81356812#1647419,non_match,0,2
2355,85333987#562267,non_match,0,3
2356,5717009#53451198,non_match,0,1
2357,830512#96989593,non_match,0,1
2358,18327954#30007794,non_match,0,2
2359,89243104#46010816,non_match,0,1
2360,34259452#53081061,non_match,0,1
2361,3447561#79821099,non_match,0,3
2362,48293393#43481409,non_match,0,3
2363,16855766#17007886,non_match,0,2
2364,36803847#25877530,non_match,0,3
2365,86924416#45001854,match,1,1
2366,82583255#34301207,non_match,0,2
2367,35405134#72145468,match,1,1
2368,47818268#35737919,non_match,0,1
2369,87259085#7383991,non_match,0,1
2370,10496#31276154,non_match,0,2
2371,44884689#28282387,non_match,0,1
2372,24927328#21122556,non_match,0,1
2373,79232921#51683015,non_match,0,1
2374,29339493#51683015,non_match,0,3
2375,39417365#61791022,non_match,0,1
2376,23491163#55136447,non_match,0,1
2377,97634734#15774916,match,1,1
2378,96889697#40208952,non_match,0,1
2379,9232364#38785326,non_match,0,1
2380,61794834#18456007,non_match,0,3
2381,7883208#27365404,non_match,0,2
2382,50156673#91126559,non_match,0,2
2383,31886989#48102422,non_match,0,2
2384,23605781#72145468,non_match,0,1
2385,50160182#61154808,non_match,0,3
2386,83992680#7736538,non_match,0,2
2387,77356650#83152267,non_match,0,2
2388,62242632#75384375,non_match,0,2
2389,17629924#15725521,match,1,1
2390,89323553#13502365,non_match,0,1
2391,87317188#60571140,non_match,0,2
2392,87572356#58763783,non_match,0,3
2393,45759535#30454890,non_match,0,2
2394,5603029#66625804,non_match,0,3
2395,17128193#79851703,non_match,0,2
2396,40764402#53426556,non_match,0,2
2397,9767156#1781011,non_match,0,2
2398,9746845#72314218,match,1,2
2399,64016107#93168786,non_match,0,3
2400,95251916#415992,non_match,0,1
2401,26502310#3762458,non_match,0,3
2402,49067884#62318417,match,1,2
2403,54277804#35737919,match,1,1
2404,71230660#12051271,non_match,0,1
2405,41704902#27923177,non_match,0,1
2406,47751906#50005399,match,1,2
2407,41191422#45946412,non_match,0,3
2408,5964390#51946981,non_match,0,2
2409,49605449#3598671,match,1,3
2410,22770211#69366044,match,1,3
2411,75297744#10373250,non_match,0,3
2412,35737919#98600039,non_match,0,3
2413,80876204#30675144,match,1,2
2414,76497591#75255299,non_match,0,2
2415,26301462#72125402,non_match,0,2
2416,55136447#94106554,non_match,0,3
2417,55157414#1136383,non_match,0,3
2418,34168295#49058519,non_match,0,2
2419,62891962#93770909,non_match,0,1
2420,2392632#40876435,non_match,0,3
2421,93651578#24052138,non_match,0,1
2422,26786850#77020269,non_match,0,2
2423,29006523#17007886,non_match,0,1
2424,1644190#40357787,match,1,1
2425,14654897#25980770,non_match,0,2
2426,51810284#34259452,match,1,2
2427,69866884#62145678,non_match,0,3
2428,42210935#21658813,non_match,0,3
2429,53905543#38552937,match,1,1
2430,39130017#15648,non_match,0,3
2431,32904204#69236418,match,1,1
2432,53464814#31247528,non_match,0,3
2433,22211135#51683015,non_match,0,3
2434,2314380#33609155,non_match,0,2
2435,3024917#21755591,non_match,0,2
2436,36499924#10999896,non_match,0,2
2437,86775292#66053411,non_match,0,2
2438,11409646#8298432,match,1,1
2439,56676909#51946981,match,1,3
2440,84465814#4486003,match,1,3
2441,58893463#12190772,match,1,3
2442,11564664#54685720,non_match,0,3
2443,27021728#54992750,match,1,2
2444,55037683#21963707,non_match,0,1
2445,27429904#12243414,non_match,0,1
2446,56603137#88398980,non_match,0,2
2447,88168633#71490927,non_match,0,2
2448,41987114#23276195,non_match,0,2
2449,6256141#62578226,non_match,0,2
2450,38117313#38693547,non_match,0,1
2451,9862290#47293324,non_match,0,3
2452,12176070#60088869,non_match,0,3
2453,41234714#92894304,match,1,3
2454,81408609#93770909,non_match,0,3
2455,24927328#33622216,non_match,0,3
2456,84459988#64692163,non_match,0,3
2457,79415655#80753512,non_match,0,3
2458,7021169#70495926,non_match,0,2
2459,10496#41234714,match,1,2
2460,38339458#48305046,non_match,0,1
2461,84465814#17465629,non_match,0,3
2462,39833087#98124674,non_match,0,1
2463,32931015#3889666,non_match,0,2
2464,53641305#5137860,non_match,0,2
2465,36027066#48734603,non_match,0,3
2466,2024149#24494324,match,1,1
2467,28282387#18309559,match,1,1
2468,12432797#1130275,non_match,0,2
2469,94512766#18309559,non_match,0,3
2470,23757092#48293393,non_match,0,3
2471,7736538#30102088,non_match,0,3
2472,18289538#96384448,non_match,0,2
2473,11564664#82090972,non_match,0,2
2474,97634734#49066670,non_match,0,3
2475,67028945#2687477,non_match,0,2
2476,21658813#47814705,non_match,0,1
2477,73180792#75596485,non_match,0,1
2478,82676601#57337098,non_match,0,2
2479,61791022#87259085,match,1,2
2480,95282914#66652299,non_match,0,3
2481,17007886#1647419,match,1,2
2482,90391225#98124674,non_match,0,2
2483,69366044#57298257,non_match,0,1
2484,76024362#53521572,non_match,0,3
2485,54536046#1644190,non_match,0,1
2486,56034511#98430609,match,1,3
2487,87317188#12853731,non_match,0,1
2488,81356812#3495669,non_match,0,1
2489,9232364#63899324,match,1,1
2490,91980346#15168588,non_match,0,1
2491,14639066#30212626,non_match,0,1
2492,50007186#79788718,non_match,0,1
2493,5519409#16154426,non_match,0,1
2494,84514463#66625804,non_match,0,2
2495,28465006#43932865,non_match,0,1
2496,48305046#36040842,non_match,0,3
2497,80529811#16871572,match,1,3
2498,7883208#97112728,non_match,0,3
2499,22992322#3223487,non_match,0,1
